,Epoch,nData,att_time,pur_time,clf_time,std_acc,att_acc,pur_acc,count_att,count_diff
0,1,2,2.342064,10.728913,0.007415,2.0,0.0,2.0,0,0
1,2,2,1.510017,9.154069,0.005871,2.0,0.0,2.0,0,0
2,3,2,1.335571,9.120818,0.005896,2.0,0.0,1.0,0,1
3,4,2,1.288106,9.101789,0.005817,2.0,0.0,2.0,0,0
4,5,2,1.267915,9.089846,0.005913,2.0,0.0,1.0,0,1
5,6,2,1.287319,9.088616,0.005883,2.0,0.0,2.0,0,0
6,7,2,1.343624,9.056509,0.005828,1.0,0.0,1.0,1,0
7,8,2,1.308718,9.058085,0.005885,1.0,0.0,1.0,1,0
8,9,2,1.281926,9.061727,0.005827,1.0,0.0,1.0,1,0
9,10,2,1.286875,9.054849,0.005862,2.0,0.0,1.0,0,1
10,11,2,0.052318,9.056891,0.005828,0.0,0.0,1.0,1,0
11,12,2,1.284467,9.35867,0.007237,2.0,0.0,2.0,0,0
12,13,2,1.501424,9.540275,0.00725,2.0,0.0,1.0,0,1
13,14,2,1.637489,9.542798,0.007322,1.0,0.0,1.0,1,0
14,15,2,1.6277970000000002,9.543799,0.007296,2.0,0.0,1.0,1,0
15,16,2,1.6324640000000001,9.635309,0.005855,2.0,0.0,2.0,0,0
16,17,2,1.609767,9.319117,0.006007,2.0,0.0,2.0,0,0
17,18,2,1.292237,9.226947,0.006039,2.0,0.0,2.0,0,0
18,19,2,1.361425,9.146485,0.005943,2.0,0.0,1.0,1,0
19,20,2,1.276919,9.18907,0.005874,2.0,0.0,2.0,0,0
20,21,2,1.2827169999999999,9.130868,0.005929,2.0,0.0,2.0,0,0
21,22,2,1.279387,14.218568,0.005875,2.0,0.0,2.0,0,0
22,23,2,1.333833,9.274363,0.005923,2.0,0.0,2.0,0,0
23,24,2,1.411446,9.11552,0.005927,2.0,0.0,2.0,0,0
24,25,2,1.320161,9.132554,0.005942,2.0,0.0,2.0,0,0
25,26,2,1.287955,9.317359,0.006628,2.0,0.0,1.0,0,1
26,27,2,1.532371,14.305896,0.005927,2.0,0.0,2.0,0,0
27,28,2,1.292719,9.104934,0.005883,2.0,0.0,2.0,0,0
28,29,2,1.278503,9.211091,0.005935,2.0,0.0,2.0,0,0
29,30,2,1.510694,9.194096,0.005918,2.0,0.0,1.0,1,0
30,31,2,1.285734,9.220918,0.005878,2.0,0.0,2.0,0,0
31,32,2,1.269937,9.062374,0.005843,2.0,0.0,2.0,0,0
32,33,2,1.288686,9.061054,0.005815,2.0,0.0,2.0,0,0
33,34,2,1.276323,9.066657,0.005853,2.0,0.0,2.0,0,0
34,35,2,1.278022,9.075258,0.005823,2.0,0.0,2.0,0,0
35,36,2,1.276952,9.060554,0.005824,2.0,0.0,2.0,0,0
36,37,2,1.289406,9.085466,0.005847,2.0,0.0,2.0,0,0
37,38,2,1.277573,9.099818,0.005839,2.0,0.0,2.0,0,0
38,39,2,1.323261,9.110757,0.005938,2.0,0.0,2.0,0,0
39,40,2,1.2891270000000001,9.184008,0.005915,2.0,0.0,1.0,1,0
40,41,2,1.488471,9.131372,0.005939,2.0,0.0,2.0,0,0
41,42,2,1.360936,9.403234,0.007206,2.0,0.0,2.0,0,0
42,43,2,1.358879,9.707013,0.007143,2.0,0.0,2.0,0,0
43,44,2,1.467038,9.817525,0.007147,2.0,0.0,2.0,0,0
44,45,2,1.511548,9.620819000000001,0.007178,1.0,0.0,1.0,1,0
45,46,2,1.684161,9.17829,0.005913,2.0,0.0,2.0,0,0
46,47,2,1.318491,9.22123,0.005971,2.0,0.0,2.0,0,0
47,48,2,0.054988,9.361102,0.011285,0.0,0.0,0,2,0
48,49,2,1.5005709999999999,9.435102,0.010375,2.0,0.0,2.0,0,0
49,50,2,1.346911,9.154469,0.005898,2.0,0.0,1.0,1,0
50,51,2,1.289672,9.196192,0.005866,2.0,0.0,2.0,0,0
51,52,2,1.5124689999999998,9.348608,0.007176,1.0,0.0,1.0,0,1
52,53,2,1.5100449999999999,9.436087,0.005915,2.0,0.0,1.0,0,1
53,54,2,1.351202,9.320517,0.00583,2.0,0.0,2.0,0,0
54,55,2,1.524125,9.207058,0.005934,2.0,0.0,2.0,0,0
55,56,2,0.053507,9.165522,0.005838,0.0,0.0,0,1,1
56,57,2,1.323632,9.19051,0.006053,1.0,0.0,1.0,0,1
57,58,2,1.370587,9.382197,0.00709,2.0,0.0,1.0,1,0
58,59,2,1.342292,9.18305,0.005974,2.0,0.0,2.0,0,0
59,60,2,1.341462,9.166653,0.005826,1.0,0.0,1.0,1,0
60,61,2,1.3617759999999999,9.184564,0.005907,1.0,0.0,1.0,1,0
61,62,2,1.366339,9.265305,0.00598,2.0,0.0,2.0,0,0
62,63,2,1.3629419999999999,9.219949,0.005838,1.0,0.0,1.0,1,0
63,64,2,1.327792,9.156497,0.005835,1.0,0.0,1.0,1,0
64,65,2,1.3493490000000001,9.155303,0.005921,2.0,0.0,1.0,1,0
65,66,2,1.31764,9.225358,0.007487,2.0,0.0,2.0,0,0
66,67,2,1.418627,9.19906,0.005805,2.0,0.0,1.0,0,1
67,68,2,1.347347,9.274584,0.00737,2.0,0.0,2.0,0,0
68,69,2,0.056078,9.285541,0.007206,0.0,0.0,0,1,1
69,70,2,1.442226,9.13177,0.005841,2.0,0.0,1.0,0,1
70,71,2,1.326852,9.092196,0.00586,2.0,0.0,2.0,0,0
71,72,2,1.308793,9.10151,0.005825,1.0,0.0,1.0,1,0
72,73,2,1.3302399999999999,9.143467,0.005901,1.0,0.0,0,2,0
73,74,2,1.321624,9.21535,0.005888,2.0,0.0,2.0,0,0
74,75,2,1.375056,9.37997,0.005832,2.0,0.0,2.0,0,0
75,76,2,1.310594,9.15709,0.005892,2.0,0.0,1.0,0,1
76,77,2,1.329991,9.182125,0.005901,2.0,0.0,2.0,0,0
77,78,2,1.321917,9.344023,0.006316,2.0,0.0,2.0,0,0
78,79,2,1.4737689999999999,9.651809,0.007093,1.0,0.0,1.0,1,0
79,80,2,1.609614,9.731328,0.007155,2.0,0.0,1.0,1,0
80,81,2,1.418494,9.398229,0.00588,2.0,0.0,1.0,1,0
81,82,2,1.384049,9.474526000000001,0.005924,2.0,0.0,2.0,0,0
82,83,2,1.364373,9.406918,0.00585,2.0,0.0,2.0,0,0
83,84,2,1.3307229999999999,9.690844,0.005808,2.0,0.0,1.0,0,1
84,85,2,1.474947,9.736674,0.007112,1.0,0.0,1.0,0,1
85,86,2,1.38213,9.790518,0.01053,2.0,0.0,1.0,1,0
86,87,2,1.431052,9.234225,0.005933,2.0,0.0,2.0,0,0
87,88,2,1.336775,9.156648,0.005824,2.0,0.0,2.0,0,0
88,89,2,1.301777,9.101617,0.005811,2.0,0.0,2.0,0,0
89,90,2,1.298019,9.101625,0.00583,2.0,0.0,2.0,0,0
90,91,2,1.298305,9.106327,0.005826,2.0,0.0,2.0,0,0
91,92,2,1.331095,9.144697,0.005812,2.0,0.0,2.0,0,0
92,93,2,0.052505,9.14065,0.006032,0.0,0.0,0,2,0
93,94,2,1.321962,9.110837,0.005883,1.0,0.0,1.0,1,0
94,95,2,1.31281,9.408678,0.00585,2.0,0.0,0,1,1
95,96,2,1.285228,9.090156,0.005808,1.0,0.0,1.0,1,0
96,97,2,1.458363,9.150567,0.007128,2.0,0.0,1.0,0,1
97,98,2,1.752949,10.267017,0.005918,2.0,0.0,2.0,0,0
98,99,2,1.33745,9.185077,0.005807,2.0,0.0,2.0,0,0
99,100,2,1.3419159999999999,9.661455,0.00731,1.0,0.0,1.0,1,0
100,101,2,0.068019,9.593304,0.005973,0.0,0.0,0,2,0
101,102,2,1.465551,9.445284000000001,0.005867,2.0,0.0,1.0,1,0
102,103,2,1.372565,9.592967,0.007233,1.0,0.0,1.0,1,0
103,104,2,1.749545,9.621114,0.007315,2.0,0.0,1.0,0,1
104,105,2,1.902381,9.575689,0.005991,1.0,0.0,1.0,1,0
105,106,2,1.4811130000000001,9.212306,0.005831,1.0,0.0,1.0,1,0
106,107,2,1.309064,9.114038,0.005837,2.0,0.0,1.0,0,1
107,108,2,1.306579,9.112439,0.005912,2.0,0.0,2.0,0,0
108,109,2,1.305371,9.143091,0.005899,1.0,0.0,1.0,1,0
109,110,2,1.300049,9.115028,0.005919,1.0,0.0,1.0,1,0
110,111,2,1.291003,9.169588,0.005872,2.0,0.0,2.0,0,0
111,112,2,1.301204,9.127293,0.005906,1.0,0.0,1.0,1,0
112,113,2,1.322168,9.192615,0.005882,2.0,0.0,2.0,0,0
113,114,2,1.340166,9.218434,0.005813,1.0,0.0,1.0,1,0
114,115,2,1.332366,9.170583,0.005928,1.0,0.0,1.0,1,0
115,116,2,1.466687,10.792836,0.005868,2.0,0.0,2.0,0,0
116,117,2,1.333922,9.177747,0.005907,2.0,0.0,2.0,0,0
117,118,2,1.5388199999999999,9.296818,0.005954,1.0,0.0,2.0,0,0
118,119,2,1.303976,9.493956,0.006635,2.0,0.0,2.0,0,0
119,120,2,1.453003,9.52416,0.007102,2.0,0.0,2.0,0,0
120,121,2,1.367609,9.727056,0.007082,2.0,0.0,2.0,0,0
121,122,2,1.34549,9.399335,0.005813,1.0,0.0,1.0,0,1
122,123,2,1.477099,9.456932,0.007092,2.0,0.0,1.0,0,1
123,124,2,1.479877,9.209147,0.005826,2.0,0.0,2.0,0,0
124,125,2,1.286545,9.109319,0.005833,1.0,0.0,2.0,0,0
125,126,2,0.052666,9.1518,0.005843,0.0,0.0,0,2,0
126,127,2,1.474385,9.201743,0.005899,2.0,0.0,1.0,0,1
127,128,2,1.494098,9.412349,0.007124,1.0,0.0,2.0,0,0
128,129,2,1.524566,9.399605,0.005819,1.0,0.0,1.0,1,0
129,130,2,1.48306,9.789575,0.005849,2.0,0.0,2.0,0,0
130,131,2,1.4992779999999999,9.237488,0.005863,2.0,0.0,1.0,0,1
131,132,2,1.4448509999999999,9.308572,0.007515,1.0,0.0,1.0,1,0
132,133,2,1.530777,9.292112,0.00579,1.0,0.0,1.0,1,0
133,134,2,1.342995,9.243731,0.005833,2.0,0.0,2.0,0,0
134,135,2,1.32096,9.625434,0.007476,1.0,0.0,1.0,1,0
135,136,2,1.501189,9.370308,0.005973,1.0,0.0,1.0,1,0
136,137,2,1.509973,9.47376,0.005996,2.0,0.0,2.0,0,0
137,138,2,1.45737,9.261754,0.006441,2.0,0.0,2.0,0,0
138,139,2,1.762394,10.425513,0.005946,2.0,0.0,2.0,0,0
139,140,2,1.628942,10.391747,0.007451,2.0,0.0,2.0,0,0
140,141,2,1.492709,10.229802,0.006018,2.0,0.0,2.0,0,0
141,142,2,1.478458,10.239813,0.005951,2.0,0.0,2.0,0,0
142,143,2,1.559301,10.394552000000001,0.007126,1.0,0.0,2.0,0,0
143,144,2,1.602318,10.451152,0.007214,2.0,0.0,2.0,0,0
144,145,2,1.4951889999999999,10.360951,0.005954,1.0,0.0,1.0,1,0
145,146,2,1.470679,10.454404,0.007835,2.0,0.0,2.0,0,0
146,147,2,0.070073,10.30942,0.005953,0.0,0.0,0,2,0
147,148,2,1.48762,10.310041,0.005999,2.0,0.0,2.0,0,0
148,149,2,1.595216,10.303981,0.007168,2.0,0.0,2.0,0,0
149,150,2,1.600941,10.557168,0.007974,1.0,0.0,1.0,1,0
150,151,2,1.499054,10.454633,0.007538,2.0,0.0,2.0,0,0
151,152,2,1.566127,9.998814,0.006027,2.0,0.0,2.0,0,0
152,153,2,1.508694,9.205522,0.011133,2.0,0.0,2.0,0,0
153,154,2,1.323617,9.12802,0.006108,2.0,0.0,2.0,0,0
154,155,2,1.329923,9.162862,0.005819,2.0,0.0,2.0,0,0
155,156,2,1.293995,9.195086,0.005826,2.0,0.0,2.0,0,0
156,157,2,1.330035,9.255869,0.005825,2.0,0.0,2.0,0,0
157,158,2,1.327518,9.192181,0.005842,2.0,0.0,2.0,0,0
158,159,2,1.309568,9.111809,0.005821,2.0,0.0,2.0,0,0
159,160,2,1.390104,9.500237,0.005809,2.0,0.0,2.0,0,0
160,161,2,1.326368,9.162384,0.005939,2.0,0.0,2.0,0,0
161,162,2,1.296463,9.141269,0.006011,2.0,0.0,2.0,0,0
162,163,2,1.340024,9.194381,0.005826,2.0,0.0,2.0,0,0
163,164,2,1.295948,9.233316,0.005846,2.0,0.0,2.0,0,0
164,165,2,1.293612,9.346944,0.005889,2.0,0.0,2.0,0,0
165,166,2,1.335951,9.209891,0.005977,2.0,0.0,2.0,0,0
166,167,2,1.323466,9.226577,0.005831,2.0,0.0,2.0,0,0
167,168,2,1.405009,9.324912,0.005907,1.0,0.0,1.0,1,0
168,169,2,1.425132,9.426534,0.00715,2.0,0.0,0,1,1
169,170,2,1.355245,9.246685,0.005823,2.0,0.0,2.0,0,0
170,171,2,1.313046,9.13419,0.005958,2.0,0.0,2.0,0,0
171,172,2,1.334219,12.839675,0.005848,2.0,0.0,1.0,0,1
172,173,2,1.332512,9.258515,0.005818,2.0,0.0,2.0,0,0
173,174,2,1.3455409999999999,9.310329,0.007114,2.0,0.0,2.0,0,0
174,175,2,1.34244,9.539757999999999,0.007158,2.0,0.0,2.0,0,0
175,176,2,1.36308,9.405082,0.005856,2.0,0.0,1.0,1,0
176,177,2,1.371772,9.313458,0.00584,1.0,0.0,1.0,1,0
177,178,2,1.34619,9.183128,0.007128,1.0,0.0,1.0,0,1
178,179,2,1.343169,9.193172,0.005835,2.0,0.0,1.0,1,0
179,180,2,1.347391,9.182609,0.009824,1.0,0.0,1.0,0,1
180,181,2,1.349848,9.16032,0.005823,2.0,0.0,2.0,0,0
181,182,2,1.339402,9.140314,0.005827,2.0,0.0,2.0,0,0
182,183,2,1.288327,9.113492,0.005821,2.0,0.0,2.0,0,0
183,184,2,1.401046,9.354254,0.005812,2.0,0.0,1.0,0,1
184,185,2,1.297207,9.24667,0.005979,2.0,0.0,2.0,0,0
185,186,2,1.344121,9.209658,0.005947,1.0,0.0,0,1,1
186,187,2,1.370489,9.12936,0.005902,1.0,0.0,1.0,1,0
187,188,2,1.403702,9.22104,0.005816,2.0,0.0,2.0,0,0
188,189,2,1.391759,9.240921,0.005846,2.0,0.0,2.0,0,0
189,190,2,1.345884,9.206294,0.005913,2.0,0.0,2.0,0,0
190,191,2,1.314535,9.329902,0.005917,2.0,0.0,2.0,0,0
191,192,2,1.448241,9.311302,0.007155,1.0,0.0,1.0,0,1
192,193,2,1.389121,9.324799,0.0059,2.0,0.0,2.0,0,0
193,194,2,0.053337,9.175205,0.005924,0.0,0.0,0,2,0
194,195,2,1.318258,9.148234,0.005903,1.0,0.0,1.0,1,0
195,196,2,1.3153139999999999,9.174919,0.005922,1.0,0.0,1.0,1,0
196,197,2,1.316139,9.147032,0.005936,2.0,0.0,2.0,0,0
197,198,2,1.3526449999999999,9.235604,0.005849,2.0,0.0,2.0,0,0
198,199,2,1.389548,9.225442,0.005901,2.0,0.0,2.0,0,0
199,200,2,1.337015,9.13807,0.005828,2.0,0.0,1.0,1,0
200,201,2,1.389393,9.746409,0.007187,1.0,0.0,1.0,1,0
201,202,2,1.479648,9.335102,0.005836,2.0,0.0,1.0,1,0
202,203,2,1.365168,9.186033,0.005845,2.0,0.0,2.0,0,0
203,204,2,1.3355920000000001,9.144011,0.005841,2.0,0.0,2.0,0,0
204,205,2,1.296115,12.782371,0.005923,2.0,0.0,2.0,0,0
205,206,2,1.308594,9.197913,0.005904,2.0,0.0,2.0,0,0
206,207,2,0.053248,9.149369,0.00588,0.0,0.0,0,2,0
207,208,2,1.339996,10.786352,0.01109,1.0,0.0,1.0,1,0
208,209,2,0.104281,11.359357,0.007272,0.0,0.0,0,2,0
209,210,2,1.8035459999999999,9.678832,0.005846,2.0,0.0,2.0,0,0
210,211,2,1.3188659999999999,9.383335,0.007155,2.0,0.0,2.0,0,0
211,212,2,1.479462,9.448722,0.005893,2.0,0.0,1.0,1,0
212,213,2,1.291809,9.189808,0.005872,2.0,0.0,1.0,0,1
213,214,2,1.315628,9.148091,0.005856,1.0,0.0,1.0,1,0
214,215,2,1.312059,9.320469,0.005849,2.0,0.0,2.0,0,0
215,216,2,1.353051,9.132758,0.005864,1.0,0.0,1.0,1,0
216,217,2,1.300186,9.300101,0.005831,2.0,0.0,2.0,0,0
217,218,2,1.294059,9.120862,0.005822,2.0,0.0,2.0,0,0
218,219,2,1.345693,9.199772,0.00586,2.0,0.0,2.0,0,0
219,220,2,0.052681,9.157027,0.005918,0.0,0.0,0,0,2
220,221,2,1.292778,9.128527,0.005904,2.0,0.0,2.0,0,0
221,222,2,1.300937,9.205808,0.00591,2.0,0.0,2.0,0,0
222,223,2,1.296,9.194173,0.005889,2.0,0.0,2.0,0,0
223,224,2,1.296913,9.175841,0.005785,2.0,0.0,2.0,0,0
224,225,2,1.296154,9.089575,0.005863,2.0,0.0,2.0,0,0
225,226,2,1.3018399999999999,9.108086,0.005805,2.0,0.0,2.0,0,0
226,227,2,1.308273,9.153742,0.005848,2.0,0.0,2.0,0,0
227,228,2,1.291237,9.107562,0.005824,1.0,0.0,1.0,0,1
228,229,2,1.28842,9.09382,0.005823,2.0,0.0,2.0,0,0
229,230,2,1.296778,9.786818,0.006224,2.0,0.0,1.0,1,0
230,231,2,1.667006,15.938761,0.011253,1.0,0.0,1.0,1,0
231,232,2,1.650537,17.026924,0.012422,2.0,0.0,2.0,0,0
232,233,2,1.548823,11.558015,0.008448,2.0,0.0,2.0,0,0
233,234,2,2.047346,13.443087,0.006367,2.0,0.0,2.0,0,0
234,235,2,1.836837,9.961829999999999,0.005922,1.0,0.0,1.0,1,0
235,236,2,1.304306,9.170975,0.005818,2.0,0.0,2.0,0,0
236,237,2,1.317949,9.167805,0.0058,2.0,0.0,2.0,0,0
237,238,2,1.320078,9.343098,0.005927,2.0,0.0,2.0,0,0
238,239,2,1.361564,9.597278,0.005869,2.0,0.0,2.0,0,0
239,240,2,1.354658,9.385377,0.007163,2.0,0.0,2.0,0,0
240,241,2,1.365064,9.238675,0.006188,2.0,0.0,2.0,0,0
241,242,2,1.331992,9.226363,0.005842,2.0,0.0,2.0,0,0
242,243,2,1.4157600000000001,9.534814,0.005902,2.0,0.0,1.0,0,1
243,244,2,1.422682,9.55342,0.007456,2.0,0.0,2.0,0,0
244,245,2,1.5830389999999999,9.429456,0.005872,2.0,0.0,2.0,0,0
245,246,2,1.490752,9.226381,0.006082,2.0,0.0,2.0,0,0
246,247,2,1.330177,9.145688,0.005816,2.0,0.0,2.0,0,0
247,248,2,1.3620079999999999,9.18061,0.005857,2.0,0.0,2.0,0,0
248,249,2,1.365376,9.150056,0.005939,2.0,0.0,2.0,0,0
249,250,2,1.348324,9.509587,0.005868,2.0,0.0,2.0,0,0
250,251,2,1.341688,9.120471,0.005836,2.0,0.0,2.0,0,0
251,252,2,1.299673,9.150723,0.005847,2.0,0.0,2.0,0,0
252,253,2,1.310409,9.116593,0.005817,2.0,0.0,2.0,0,0
253,254,2,1.311656,9.193151,0.005831,2.0,0.0,2.0,0,0
254,255,2,1.393771,9.153336,0.005966,2.0,0.0,2.0,0,0
255,256,2,1.325829,9.163474,0.005858,2.0,0.0,2.0,0,0
256,257,2,1.302792,9.249523,0.005878,2.0,0.0,1.0,0,1
257,258,2,1.365935,9.227103,0.005836,2.0,0.0,1.0,0,1
258,259,2,1.3375409999999999,9.19701,0.005829,2.0,0.0,2.0,0,0
259,260,2,1.322272,9.195186,0.007139,2.0,0.0,2.0,0,0
260,261,2,1.329553,9.099764,0.005815,1.0,0.0,1.0,1,0
261,262,2,1.332903,9.307404,0.005912,1.0,0.0,1.0,1,0
262,263,2,1.36063,9.465939,0.005881,2.0,0.0,1.0,1,0
263,264,2,1.470987,9.363823,0.005891,1.0,0.0,1.0,1,0
264,265,2,1.337154,9.454322,0.007145,1.0,0.0,1.0,1,0
265,266,2,1.361202,9.305834,0.005834,2.0,0.0,2.0,0,0
266,267,2,1.300484,9.203482,0.007109,2.0,0.0,2.0,0,0
267,268,2,1.386716,9.250164,0.005859,2.0,0.0,1.0,1,0
268,269,2,1.434912,9.209401,0.005875,2.0,0.0,2.0,0,0
269,270,2,1.318621,9.381776,0.00583,1.0,0.0,1.0,1,0
270,271,2,1.31305,9.122429,0.00713,1.0,0.0,1.0,1,0
271,272,2,1.440806,9.579283,0.00725,1.0,0.0,2.0,0,0
272,273,2,0.064668,9.622194,0.00714,0.0,0.0,1.0,1,0
273,274,2,1.430409,9.547181,0.007093,2.0,0.0,1.0,1,0
274,275,2,1.358937,9.493218,0.007144,1.0,0.0,1.0,1,0
275,276,2,1.3806880000000001,9.478251,0.007106,1.0,0.0,1.0,0,1
276,277,2,1.335095,9.241299,0.005849,2.0,0.0,2.0,0,0
277,278,2,1.332848,9.18239,0.00583,2.0,0.0,2.0,0,0
278,279,2,1.355251,9.161631,0.00588,1.0,0.0,1.0,1,0
279,280,2,1.346812,9.275847,0.007115,2.0,0.0,0,0,2
280,281,2,1.3609550000000001,9.204297,0.005887,2.0,0.0,1.0,1,0
281,282,2,1.3374380000000001,9.258569,0.007473,2.0,0.0,2.0,0,0
282,283,2,1.430296,9.312518,0.006529,1.0,0.0,1.0,1,0
283,284,2,1.292167,9.23305,0.005831,2.0,0.0,2.0,0,0
284,285,2,1.744139,9.44914,0.005818,2.0,0.0,2.0,0,0
285,286,2,1.318785,9.136768,0.00734,1.0,0.0,1.0,1,0
286,287,2,1.372079,9.284208,0.005874,1.0,0.0,1.0,1,0
287,288,2,1.345523,9.179108,0.006102,1.0,0.0,0,2,0
288,289,2,1.391187,9.637055,0.005884,1.0,0.0,1.0,1,0
289,290,2,1.3586909999999999,9.150438,0.005817,1.0,0.0,1.0,1,0
290,291,2,1.30607,9.07707,0.00586,1.0,0.0,1.0,1,0
291,292,2,1.312716,9.096329,0.005868,1.0,0.0,0,2,0
292,293,2,1.3076349999999999,9.602924,0.006263,1.0,0.0,1.0,1,0
293,294,2,1.418298,9.165012,0.005899,2.0,0.0,1.0,0,1
294,295,2,1.347532,9.342706,0.005909,1.0,0.0,1.0,1,0
295,296,2,1.404787,9.33827,0.007123,2.0,0.0,2.0,0,0
296,297,2,1.356349,9.237046,0.005851,1.0,0.0,0,1,1
297,298,2,1.358131,9.284057,0.00581,1.0,0.0,0,1,1
298,299,2,1.390155,9.421705,0.006005,2.0,0.0,1.0,1,0
299,300,2,1.378756,9.337738,0.007301,1.0,0.0,1.0,1,0
300,301,2,1.409042,9.629089,0.007216,1.0,0.0,1.0,1,0
301,302,2,1.353381,9.491675,0.00718,2.0,0.0,2.0,0,0
302,303,2,1.3678460000000001,9.438308,0.007165,2.0,0.0,2.0,0,0
303,304,2,1.357502,9.482772,0.005981,2.0,0.0,1.0,1,0
304,305,2,1.34941,9.154185,0.005796,2.0,0.0,2.0,0,0
305,306,2,1.334977,9.269,0.005821,2.0,0.0,1.0,1,0
306,307,2,1.300351,9.298659,0.007219,2.0,0.0,2.0,0,0
307,308,2,1.498751,9.237227,0.0071,2.0,0.0,2.0,0,0
308,309,2,1.34424,9.292599,0.005862,2.0,0.0,2.0,0,0
309,310,2,1.338247,9.196963,0.005839,1.0,0.0,1.0,0,1
310,311,2,1.32561,9.165008,0.007118,2.0,0.0,2.0,0,0
311,312,2,1.379202,9.238758,0.005851,2.0,0.0,1.0,1,0
312,313,2,1.3363,9.11493,0.005959,1.0,0.0,1.0,0,1
313,314,2,1.3238210000000001,9.270943,0.007105,1.0,0.0,1.0,1,0
314,315,2,1.352402,9.171186,0.005805,2.0,0.0,2.0,0,0
315,316,2,1.335275,9.343268,0.005837,2.0,0.0,2.0,0,0
316,317,2,1.321708,9.178706,0.005809,2.0,0.0,1.0,0,1
317,318,2,1.386902,9.421706,0.007159,2.0,0.0,0,0,2
318,319,2,1.351088,9.758332,0.007109,2.0,0.0,2.0,0,0
319,320,2,1.347517,9.504804,0.007123,2.0,0.0,1.0,0,1
320,321,2,1.350074,9.512561,0.007123,2.0,0.0,1.0,1,0
321,322,2,1.364549,9.51142,0.007113,1.0,0.0,1.0,1,0
322,323,2,1.362474,9.285485,0.005848,2.0,0.0,1.0,1,0
323,324,2,1.3281290000000001,9.145943,0.005845,2.0,0.0,2.0,0,0
324,325,2,1.326935,9.144969,0.007182,2.0,0.0,2.0,0,0
325,326,2,1.348889,9.106718,0.005861,2.0,0.0,0,2,0
326,327,2,1.305207,9.321931,0.005883,2.0,0.0,1.0,0,1
327,328,2,1.3520159999999999,9.291982,0.007089,2.0,0.0,2.0,0,0
328,329,2,1.5315720000000002,9.264993,0.005809,2.0,0.0,2.0,0,0
329,330,2,1.488731,9.498697,0.005925,2.0,0.0,2.0,0,0
330,331,2,1.363025,9.220865,0.006034,1.0,0.0,1.0,0,1
331,332,2,1.325169,12.7414,0.007518,1.0,0.0,1.0,1,0
332,333,2,0.079554,17.790027,0.006303,0.0,0.0,0,2,0
333,334,2,1.6705809999999999,13.77387,0.005998,2.0,0.0,1.0,0,1
334,335,2,1.335803,9.157385,0.005839,2.0,0.0,2.0,0,0
335,336,2,1.30557,9.136295,0.005788,2.0,0.0,2.0,0,0
336,337,2,1.2986119999999999,13.468793,0.006169,2.0,0.0,2.0,0,0
337,338,2,1.626662,17.726463,0.006123,2.0,0.0,2.0,0,0
338,339,2,1.661137,12.222408,0.005901,1.0,0.0,2.0,0,0
339,340,2,1.330036,9.202199,0.012758,2.0,0.0,2.0,0,0
340,341,2,1.50011,13.001906,0.008735,2.0,0.0,1.0,0,1
341,342,2,1.637284,17.154966,0.006592,2.0,0.0,2.0,0,0
342,343,2,1.634592,13.568802999999999,0.005896,1.0,0.0,2.0,0,0
343,344,2,1.424464,9.329295,0.005812,1.0,0.0,0,2,0
344,345,2,1.361563,9.787902,0.006389,2.0,0.0,1.0,1,0
345,346,2,1.97724,12.843164,0.008722,2.0,0.0,2.0,0,0
346,347,2,1.909132,12.704277,0.005921,1.0,0.0,1.0,1,0
347,348,2,1.35572,9.203644,0.005884,1.0,0.0,0,2,0
348,349,2,1.331241,9.207681000000001,0.005934,2.0,0.0,2.0,0,0
349,350,2,1.291823,9.134288,0.00585,2.0,0.0,1.0,1,0
350,351,2,1.283064,9.158431,0.005859,2.0,0.0,2.0,0,0
351,352,2,0.053605,9.394541,0.007147,0.0,0.0,0,2,0
352,353,2,1.505166,9.36738,0.005891,2.0,0.0,2.0,0,0
353,354,2,1.321073,9.289048,0.010394,2.0,0.0,2.0,0,0
354,355,2,1.6611289999999999,16.749755,0.008289,2.0,0.0,2.0,0,0
355,356,2,1.7061600000000001,17.516239,0.009499,1.0,0.0,1.0,1,0
356,357,2,1.42606,13.824361,0.007098,1.0,0.0,1.0,1,0
357,358,2,1.331842,13.903237,0.005888,2.0,0.0,2.0,0,0
358,359,2,1.292214,9.097417,0.005863,2.0,0.0,2.0,0,0
359,360,2,1.30158,9.138945,0.005927,2.0,0.0,2.0,0,0
360,361,2,1.308743,9.10505,0.005881,1.0,0.0,1.0,0,1
361,362,2,1.2954620000000001,9.09496,0.00583,2.0,0.0,2.0,0,0
362,363,2,1.318525,9.121829,0.00582,2.0,0.0,1.0,0,1
363,364,2,1.362387,9.203756,0.005884,1.0,0.0,1.0,1,0
364,365,2,1.308297,9.121112,0.00595,2.0,0.0,2.0,0,0
365,366,2,1.308433,9.688595,0.007137,2.0,0.0,1.0,1,0
366,367,2,1.520873,9.714249,0.007346,1.0,0.0,1.0,1,0
367,368,2,1.737142,9.593614,0.005844,2.0,0.0,1.0,1,0
368,369,2,0.053244,9.628291,0.007269,0.0,0.0,0,1,1
369,370,2,1.6515659999999999,9.634103,0.007296,2.0,0.0,2.0,0,0
370,371,2,1.676098,9.832797,0.007122,1.0,0.0,0,2,0
371,372,2,1.505628,9.680132,0.007294,2.0,0.0,0,2,0
372,373,2,1.7412459999999998,15.135629,0.007157,2.0,0.0,2.0,0,0
373,374,2,1.602156,17.844019,0.007601,1.0,0.0,1.0,1,0
374,375,2,1.691798,14.853,0.007723,2.0,0.0,2.0,0,0
375,376,2,1.670038,9.290782,0.008492,2.0,0.0,2.0,0,0
376,377,2,1.341668,9.265616,0.005995,2.0,0.0,1.0,0,1
377,378,2,1.328416,9.172557,0.005969,2.0,0.0,1.0,1,0
378,379,2,1.320619,9.166456,0.005956,2.0,0.0,1.0,0,1
379,380,2,1.313642,9.476053,0.007137,2.0,0.0,2.0,0,0
380,381,2,1.3335949999999999,9.549471,0.007157,2.0,0.0,2.0,0,0
381,382,2,0.064295,9.150751,0.005833,0.0,0.0,0,1,1
382,383,2,1.484499,10.806524,0.005871,2.0,0.0,1.0,0,1
383,384,2,1.293734,9.19248,0.005821,2.0,0.0,2.0,0,0
384,385,2,1.3316810000000001,9.498825,0.00729,2.0,0.0,1.0,0,1
385,386,2,1.465352,9.746262,0.007258,1.0,0.0,1.0,1,0
386,387,2,1.442121,9.517645,0.005954,2.0,0.0,2.0,0,0
387,388,2,1.408753,9.550537,0.00729,2.0,0.0,2.0,0,0
388,389,2,1.4466350000000001,9.804581,0.007336,2.0,0.0,2.0,0,0
389,390,2,1.45483,9.634438,0.005951,2.0,0.0,2.0,0,0
390,391,2,1.373699,9.316847,0.005946,2.0,0.0,2.0,0,0
391,392,2,1.368945,9.315831,0.006085,2.0,0.0,2.0,0,0
392,393,2,1.413384,9.307039,0.005922,1.0,0.0,1.0,1,0
393,394,2,1.420594,9.500325,0.007113,2.0,0.0,2.0,0,0
394,395,2,1.404063,9.632295,0.007131,1.0,0.0,1.0,1,0
395,396,2,1.400394,9.481674,0.007158,2.0,0.0,2.0,0,0
396,397,2,1.5351249999999999,9.57413,0.007122,2.0,0.0,1.0,0,1
397,398,2,1.3690419999999999,9.558056,0.007122,2.0,0.0,1.0,1,0
398,399,2,1.3840569999999999,9.763253,0.008779,1.0,0.0,0,1,1
399,400,2,2.951199,14.618941,0.005899,2.0,0.0,2.0,0,0
400,401,2,1.3419940000000001,9.231044,0.005994,1.0,0.0,1.0,1,0
401,402,2,1.377889,9.496774,0.007162,2.0,0.0,2.0,0,0
402,403,2,1.498928,9.387914,0.005916,2.0,0.0,2.0,0,0
403,404,2,1.398159,9.307949,0.006142,2.0,0.0,2.0,0,0
404,405,2,1.380199,12.937876,0.006905,1.0,0.0,1.0,1,0
405,406,2,2.8733649999999997,11.407816,0.008052,2.0,0.0,2.0,0,0
406,407,2,1.617451,9.471192,0.005959,2.0,0.0,1.0,1,0
407,408,2,1.333542,9.204523,0.005979,2.0,0.0,1.0,0,1
408,409,2,1.344891,9.214859,0.006059,2.0,0.0,2.0,0,0
409,410,2,1.385932,9.56295,0.007892,2.0,0.0,2.0,0,0
410,411,2,1.426444,9.691113,0.007246,2.0,0.0,2.0,0,0
411,412,2,1.413484,9.211987,0.005856,2.0,0.0,1.0,1,0
412,413,2,1.331256,9.205973,0.006158,2.0,0.0,2.0,0,0
413,414,2,0.054134,9.150496,0.005895,0.0,0.0,0,2,0
414,415,2,1.320286,9.159842,0.005903,1.0,0.0,1.0,0,1
415,416,2,1.281317,9.168921,0.005903,2.0,0.0,1.0,1,0
416,417,2,1.321641,9.119134,0.005978,1.0,0.0,1.0,0,1
417,418,2,1.322888,9.124824,0.005918,2.0,0.0,2.0,0,0
418,419,2,1.302975,9.159737,0.005936,2.0,0.0,1.0,1,0
419,420,2,1.338218,9.144931,0.007088,1.0,0.0,1.0,1,0
420,421,2,1.346271,9.240331,0.005852,1.0,0.0,0,1,1
421,422,2,0.066988,9.261253,0.005882,0.0,0.0,0,1,1
422,423,2,1.318081,9.1149,0.005894,1.0,0.0,2.0,0,0
423,424,2,0.05316,9.104683,0.005867,0.0,0.0,0,1,1
424,425,2,1.294752,9.099539,0.005931,2.0,0.0,2.0,0,0
425,426,2,0.052861,9.065955,0.005806,0.0,0.0,0,1,1
426,427,2,1.337107,9.12422,0.005841,1.0,0.0,1.0,1,0
427,428,2,1.307829,9.14662,0.005821,1.0,0.0,2.0,0,0
428,429,2,1.3045,10.258139,0.006533,2.0,0.0,2.0,0,0
429,430,2,2.827756,17.951866,0.00717,2.0,0.0,2.0,0,0
430,431,2,1.521607,10.556847,0.010284,2.0,0.0,2.0,0,0
431,432,2,1.345234,9.084347,0.00583,1.0,0.0,1.0,1,0
432,433,2,1.295193,9.080246,0.005867,1.0,0.0,1.0,1,0
433,434,2,1.308815,9.245503,0.00718,1.0,0.0,1.0,1,0
434,435,2,1.351804,9.397376,0.007422,2.0,0.0,1.0,0,1
435,436,2,1.564248,9.77724,0.007259,2.0,0.0,2.0,0,0
436,437,2,1.672511,12.942057,0.008771,2.0,0.0,1.0,0,1
437,438,2,1.767967,15.405438,0.009023,2.0,0.0,2.0,0,0
438,439,2,1.7842470000000001,9.143539,0.005832,1.0,0.0,2.0,0,0
439,440,2,1.322397,9.51059,0.005984,1.0,0.0,1.0,1,0
440,441,2,1.542624,9.849328,0.007193,1.0,0.0,1.0,1,0
441,442,2,1.3885,9.93367,0.009025,2.0,0.0,2.0,0,0
442,443,2,1.600758,9.647202,0.005858,2.0,0.0,2.0,0,0
443,444,2,1.289407,9.090659,0.005896,2.0,0.0,2.0,0,0
444,445,2,1.3047279999999999,9.98333,0.005826,2.0,0.0,1.0,1,0
445,446,2,1.28118,9.101105,0.00589,2.0,0.0,2.0,0,0
446,447,2,1.322968,9.097859,0.005891,2.0,0.0,1.0,1,0
447,448,2,1.305408,9.125651,0.005902,1.0,0.0,1.0,1,0
448,449,2,1.338182,9.12545,0.005857,2.0,0.0,2.0,0,0
449,450,2,1.291317,9.128414,0.005849,2.0,0.0,2.0,0,0
450,451,2,1.3132329999999999,9.067841,0.005821,2.0,0.0,2.0,0,0
451,452,2,1.284617,9.105344,0.005797,2.0,0.0,2.0,0,0
452,453,2,1.312375,9.114702,0.005839,2.0,0.0,1.0,1,0
453,454,2,0.052793,9.212582,0.005839,0.0,0.0,0,1,1
454,455,2,1.2976320000000001,9.070416,0.005808,1.0,0.0,1.0,1,0
455,456,2,1.287626,9.072397,0.005815,2.0,0.0,2.0,0,0
456,457,2,1.2829220000000001,9.067531,0.005831,2.0,0.0,2.0,0,0
457,458,2,1.277065,9.06966,0.005831,2.0,0.0,2.0,0,0
458,459,2,1.293563,9.081225,0.00586,1.0,0.0,1.0,1,0
459,460,2,1.361875,9.18557,0.005836,1.0,0.0,1.0,1,0
460,461,2,1.304089,9.151328,0.005857,2.0,0.0,1.0,0,1
461,462,2,1.306024,9.131734,0.005889,2.0,0.0,2.0,0,0
462,463,2,1.301479,9.155258,0.005904,2.0,0.0,2.0,0,0
463,464,2,1.381364,9.157679,0.005906,2.0,0.0,1.0,1,0
464,465,2,1.320645,9.156783,0.005909,2.0,0.0,1.0,0,1
465,466,2,1.325601,9.149855,0.005893,1.0,0.0,1.0,1,0
466,467,2,1.327197,9.446097,0.007086,1.0,0.0,1.0,1,0
467,468,2,1.366092,10.072648,0.008914,1.0,0.0,1.0,0,1
468,469,2,0.079665,10.023673,0.008958,0.0,0.0,0,2,0
469,470,2,1.540728,9.754792,0.006017,2.0,0.0,1.0,0,1
470,471,2,1.309494,13.648403,0.012578,2.0,0.0,2.0,0,0
471,472,2,3.674976,13.248074,0.005831,1.0,0.0,1.0,1,0
472,473,2,1.324082,9.362589,0.007258,2.0,0.0,2.0,0,0
473,474,2,1.360029,11.938518,0.008143,1.0,0.0,1.0,0,1
474,475,2,2.8628590000000003,16.260217,0.007119,2.0,0.0,2.0,0,0
475,476,2,0.064603,9.467114,0.005894,0.0,0.0,0,1,1
476,477,2,1.550781,9.74184,0.007125,2.0,0.0,1.0,0,1
477,478,2,1.40511,9.504253,0.007157,1.0,0.0,1.0,1,0
478,479,2,1.491773,9.481325,0.007561,2.0,0.0,2.0,0,0
479,480,2,1.394145,9.516909,0.00717,1.0,0.0,1.0,1,0
480,481,2,1.348248,9.513473,0.007165,2.0,0.0,2.0,0,0
481,482,2,1.348052,9.503,0.007155,2.0,0.0,1.0,0,1
482,483,2,1.352919,9.480023,0.007112,1.0,0.0,1.0,0,1
483,484,2,1.460312,9.586858,0.007161,1.0,0.0,0,2,0
484,485,2,1.377321,9.541053,0.007208,1.0,0.0,0,1,1
485,486,2,1.360696,9.550119,0.0072,2.0,0.0,2.0,0,0
486,487,2,1.385314,9.26821,0.007212,1.0,0.0,0,2,0
487,488,2,1.355502,9.161101,0.006574,2.0,0.0,1.0,1,0
488,489,2,1.294458,9.082743,0.005846,2.0,0.0,2.0,0,0
489,490,2,1.309933,9.473301,0.00721,2.0,0.0,2.0,0,0
490,491,2,1.3248280000000001,9.077209,0.005868,2.0,0.0,1.0,0,1
491,492,2,1.301016,9.07256,0.005848,2.0,0.0,2.0,0,0
492,493,2,1.302043,9.084369,0.005881,2.0,0.0,2.0,0,0
493,494,2,0.056262,9.069623,0.005844,0.0,0.0,1.0,1,0
494,495,2,1.319382,9.081959,0.005802,1.0,0.0,0,1,1
495,496,2,1.3158159999999999,9.077433,0.005839,1.0,0.0,0,2,0
496,497,2,1.30762,9.460087,0.008038,1.0,0.0,1.0,1,0
497,498,2,1.438195,10.222827,0.009131,2.0,0.0,2.0,0,0
498,499,2,1.581572,10.216047,0.008981,1.0,0.0,2.0,0,0
499,500,2,1.560764,10.157558,0.008937,2.0,0.0,2.0,0,0
500,501,2,1.548551,10.195732,0.008932,2.0,0.0,2.0,0,0
501,502,2,1.571763,10.221422,0.008941,2.0,0.0,2.0,0,0
502,503,2,1.559847,10.208245,0.008958,2.0,0.0,2.0,0,0
503,504,2,1.58226,10.14787,0.005908,1.0,0.0,1.0,1,0
504,505,2,1.5177779999999998,9.211608,0.005865,2.0,0.0,2.0,0,0
505,506,2,0.052971,10.328131,0.00707,0.0,0.0,0,2,0
506,507,2,1.467627,14.952569,0.006205,2.0,0.0,2.0,0,0
507,508,2,0.060186,12.522166,0.005882,0.0,0.0,0,2,0
508,509,2,0.052581,9.121693,0.005877,0.0,0.0,0,2,0
509,510,2,0.053123,9.106255,0.00587,0.0,0.0,0,1,1
510,511,2,1.330443,10.756624,0.007093,2.0,0.0,2.0,0,0
511,512,2,1.338934,10.804673,0.005852,2.0,0.0,2.0,0,0
512,513,2,1.3510469999999999,9.155458,0.005784,1.0,0.0,1.0,1,0
513,514,2,1.296017,9.073789,0.005839,2.0,0.0,1.0,1,0
514,515,2,1.295355,9.062657,0.005826,2.0,0.0,1.0,1,0
515,516,2,1.29335,9.173676,0.005896,2.0,0.0,1.0,0,1
516,517,2,0.052756,9.115901,0.00582,0.0,0.0,0,2,0
517,518,2,1.3004609999999999,9.131620999999999,0.005843,1.0,0.0,1.0,1,0
518,519,2,1.291048,10.141915000000001,0.008256,2.0,0.0,2.0,0,0
519,520,2,2.55733,9.451091,0.005797,2.0,0.0,1.0,0,1
520,521,2,1.2849110000000001,9.146679,0.005835,2.0,0.0,2.0,0,0
521,522,2,1.282927,9.125471,0.005934,2.0,0.0,1.0,1,0
522,523,2,1.303628,9.154791,0.007109,2.0,0.0,2.0,0,0
523,524,2,1.332698,9.162096,0.005803,2.0,0.0,2.0,0,0
524,525,2,1.335575,9.151919,0.005904,1.0,0.0,1.0,1,0
525,526,2,1.3063,9.14609,0.005999,2.0,0.0,2.0,0,0
526,527,2,1.307439,9.144937,0.005864,2.0,0.0,2.0,0,0
527,528,2,1.335738,9.211587,0.005825,2.0,0.0,2.0,0,0
528,529,2,1.32794,9.132858,0.005926,2.0,0.0,1.0,0,1
529,530,2,2.540662,10.611464,0.005891,2.0,0.0,2.0,0,0
530,531,2,1.335993,9.173045,0.005796,2.0,0.0,1.0,0,1
531,532,2,1.295415,9.200672,0.005809,2.0,0.0,1.0,1,0
532,533,2,1.318233,9.108792,0.005835,2.0,0.0,1.0,0,1
533,534,2,1.291117,9.077453,0.006005,2.0,0.0,2.0,0,0
534,535,2,1.303998,9.063488,0.00579,1.0,0.0,1.0,0,1
535,536,2,1.316114,9.079904,0.005811,1.0,0.0,1.0,1,0
536,537,2,1.301606,9.09654,0.005787,1.0,0.0,2.0,0,0
537,538,2,1.316519,9.10365,0.005845,2.0,0.0,2.0,0,0
538,539,2,1.280336,9.140906,0.005776,2.0,0.0,2.0,0,0
539,540,2,1.304577,9.125503,0.005812,2.0,0.0,1.0,0,1
540,541,2,1.295375,9.109171,0.005805,2.0,0.0,2.0,0,0
541,542,2,1.304834,9.065007,0.005886,1.0,0.0,1.0,1,0
542,543,2,1.294728,9.167117,0.005846,2.0,0.0,2.0,0,0
543,544,2,1.288796,9.087261,0.005807,2.0,0.0,2.0,0,0
544,545,2,1.292242,9.082752,0.005822,2.0,0.0,2.0,0,0
545,546,2,1.294771,9.062722,0.005831,2.0,0.0,1.0,1,0
546,547,2,1.2888,9.220246,0.007162,2.0,0.0,2.0,0,0
547,548,2,1.325828,9.408384999999999,0.005889,2.0,0.0,2.0,0,0
548,549,2,1.283563,9.085242,0.00582,2.0,0.0,2.0,0,0
549,550,2,1.300552,9.116701,0.005835,1.0,0.0,1.0,1,0
550,551,2,1.291569,9.174476,0.005831,2.0,0.0,2.0,0,0
551,552,2,1.3301859999999999,9.101136,0.005873,1.0,0.0,1.0,1,0
552,553,2,1.302729,9.181465,0.007149,1.0,0.0,1.0,1,0
553,554,2,1.341047,9.185999,0.005965,2.0,0.0,2.0,0,0
554,555,2,1.321567,9.106712,0.005816,2.0,0.0,2.0,0,0
555,556,2,1.3225609999999999,9.081452,0.005826,2.0,0.0,2.0,0,0
556,557,2,1.282991,9.085414,0.005838,2.0,0.0,2.0,0,0
557,558,2,1.299474,9.166666,0.007138,1.0,0.0,1.0,1,0
558,559,2,1.346393,9.197789,0.005938,2.0,0.0,1.0,0,1
559,560,2,1.31998,9.117747,0.005924,1.0,0.0,1.0,1,0
560,561,2,1.300091,11.539721,0.008578,2.0,0.0,1.0,1,0
561,562,2,1.8445559999999999,14.946743,0.00752,2.0,0.0,1.0,1,0
562,563,2,1.841235,10.784731,0.00581,2.0,0.0,2.0,0,0
563,564,2,1.492289,9.447889,0.007114,1.0,0.0,1.0,1,0
564,565,2,1.483305,9.532767,0.007287,2.0,0.0,1.0,0,1
565,566,2,1.64333,9.559048,0.007304,2.0,0.0,2.0,0,0
566,567,2,1.666317,9.566141,0.007247,2.0,0.0,2.0,0,0
567,568,2,1.662453,9.560875,0.007274,2.0,0.0,2.0,0,0
568,569,2,1.654394,9.571388,0.007247,2.0,0.0,2.0,0,0
569,570,2,1.673422,9.622232,0.007303,1.0,0.0,0,0,2
570,571,2,1.525718,9.165024,0.00583,2.0,0.0,2.0,0,0
571,572,2,1.293169,9.149667,0.005818,2.0,0.0,2.0,0,0
572,573,2,1.302256,9.102441,0.005861,1.0,0.0,1.0,1,0
573,574,2,1.322117,9.123613,0.005902,2.0,0.0,2.0,0,0
574,575,2,1.3183150000000001,9.101596,0.005956,1.0,0.0,1.0,0,1
575,576,2,1.3040669999999999,9.117962,0.005844,2.0,0.0,2.0,0,0
576,577,2,1.315027,9.137798,0.005857,2.0,0.0,1.0,1,0
577,578,2,1.336885,9.112686,0.005796,1.0,0.0,0,2,0
578,579,2,1.28196,9.10851,0.005834,2.0,0.0,2.0,0,0
579,580,2,1.293857,9.116203,0.005864,1.0,0.0,1.0,1,0
580,581,2,1.330681,9.068273,0.005828,2.0,0.0,2.0,0,0
581,582,2,1.29928,9.076101,0.005807,1.0,0.0,2.0,0,0
582,583,2,0.052518,9.066312,0.005818,0.0,0.0,0,2,0
583,584,2,1.297553,13.074336,0.005895,1.0,0.0,1.0,1,0
584,585,2,0.053081,9.120443,0.005929,0.0,0.0,0,2,0
585,586,2,1.30987,13.27289,0.005829,2.0,0.0,1.0,1,0
586,587,2,1.493549,9.441854,0.007255,2.0,0.0,2.0,0,0
587,588,2,1.668548,9.56477,0.007258,1.0,0.0,1.0,0,1
588,589,2,1.6469070000000001,9.571229,0.00729,2.0,0.0,2.0,0,0
589,590,2,1.651621,9.565971,0.007271,2.0,0.0,2.0,0,0
590,591,2,1.647213,9.205924,0.005802,2.0,0.0,1.0,1,0
591,592,2,1.288888,9.070153,0.005805,2.0,0.0,2.0,0,0
592,593,2,1.313434,9.067517,0.005828,1.0,0.0,1.0,1,0
593,594,2,1.2985389999999999,9.124496,0.005863,1.0,0.0,1.0,1,0
594,595,2,1.299201,9.178892,0.005903,2.0,0.0,2.0,0,0
595,596,2,1.340417,9.201339,0.005897,1.0,0.0,1.0,1,0
596,597,2,1.343847,9.186983,0.005879,1.0,0.0,1.0,1,0
597,598,2,1.325653,9.870809,0.012581,2.0,0.0,2.0,0,0
598,599,2,2.662275,17.885475,0.007132,2.0,0.0,2.0,0,0
599,600,2,1.342268,9.595891,0.007299,2.0,0.0,2.0,0,0
600,601,2,1.554776,9.111486,0.007382,2.0,0.0,2.0,0,0
601,602,2,1.517573,9.244308,0.00583,2.0,0.0,2.0,0,0
602,603,2,1.292301,9.06911,0.005859,2.0,0.0,2.0,0,0
603,604,2,1.2843849999999999,9.301793,0.005991,2.0,0.0,2.0,0,0
604,605,2,1.374426,9.322539,0.007317,2.0,0.0,2.0,0,0
605,606,2,1.394789,9.651712,0.007268,2.0,0.0,1.0,1,0
606,607,2,1.389952,9.667646,0.007224,2.0,0.0,1.0,0,1
607,608,2,1.397729,9.665939,0.007209,2.0,0.0,2.0,0,0
608,609,2,1.3933499999999999,9.674816,0.007414,2.0,0.0,2.0,0,0
609,610,2,1.438665,9.480371,0.005879,2.0,0.0,2.0,0,0
610,611,2,1.325835,10.709704,0.006326,2.0,0.0,1.0,0,1
611,612,2,1.516364,14.598353,0.007367,2.0,0.0,2.0,0,0
612,613,2,1.51814,12.192437,0.010049,2.0,0.0,2.0,0,0
613,614,2,2.5873,14.321845,0.005865,2.0,0.0,2.0,0,0
614,615,2,1.2986900000000001,9.077753,0.005826,1.0,0.0,1.0,1,0
615,616,2,1.2923390000000001,9.081384,0.005834,2.0,0.0,2.0,0,0
616,617,2,1.288124,9.07698,0.005831,2.0,0.0,2.0,0,0
617,618,2,1.281873,10.613706,0.005877,2.0,0.0,2.0,0,0
618,619,2,1.291777,10.592342,0.005934,2.0,0.0,2.0,0,0
619,620,2,1.33599,9.167059,0.005916,2.0,0.0,2.0,0,0
620,621,2,1.321331,9.133015,0.005854,2.0,0.0,2.0,0,0
621,622,2,1.297037,9.100168,0.005851,2.0,0.0,2.0,0,0
622,623,2,1.321046,9.09987,0.006002,1.0,0.0,1.0,1,0
623,624,2,1.297602,9.09829,0.005868,2.0,0.0,2.0,0,0
624,625,2,1.309607,9.095111,0.005886,1.0,0.0,2.0,0,0
625,626,2,1.315809,9.105173,0.005855,1.0,0.0,1.0,1,0
626,627,2,1.297731,9.104625,0.005915,2.0,0.0,2.0,0,0
627,628,2,1.318896,9.103233,0.005824,1.0,0.0,1.0,1,0
628,629,2,1.296517,10.162592,0.012507,2.0,0.0,2.0,0,0
629,630,2,3.538385,12.589514,0.00592,1.0,0.0,1.0,1,0
630,631,2,1.307553,9.163955,0.005926,2.0,0.0,2.0,0,0
631,632,2,1.303451,9.209118,0.005908,2.0,0.0,2.0,0,0
632,633,2,1.38388,9.665127,0.007193,2.0,0.0,2.0,0,0
633,634,2,1.5159820000000002,9.672785,0.007241,2.0,0.0,2.0,0,0
634,635,2,1.50516,9.704766,0.00779,2.0,0.0,2.0,0,0
635,636,2,1.539724,9.232899,0.007262,1.0,0.0,1.0,1,0
636,637,2,1.415775,9.70823,0.007329,2.0,0.0,2.0,0,0
637,638,2,1.397881,9.670395,0.007272,2.0,0.0,1.0,1,0
638,639,2,1.4033660000000001,9.524117,0.005843,2.0,0.0,1.0,1,0
639,640,2,1.371556,9.1965,0.005841,1.0,0.0,2.0,0,0
640,641,2,1.4815559999999999,9.245174,0.005794,2.0,0.0,1.0,0,1
641,642,2,1.31097,9.533162,0.007226,1.0,0.0,1.0,0,1
642,643,2,1.5251860000000002,14.44206,0.00876,2.0,0.0,2.0,0,0
643,644,2,1.739392,16.495014,0.009823,2.0,0.0,2.0,0,0
644,645,2,1.769219,13.064884,0.007301,2.0,0.0,2.0,0,0
645,646,2,1.644606,9.604171000000001,0.008932,2.0,0.0,2.0,0,0
646,647,2,1.556635,9.650373,0.007288,1.0,0.0,2.0,0,0
647,648,2,1.683811,9.559586,0.00734,1.0,0.0,2.0,0,0
648,649,2,1.654874,9.585393,0.007267,2.0,0.0,2.0,0,0
649,650,2,1.646523,9.430752,0.005836,2.0,0.0,2.0,0,0
650,651,2,1.3666749999999999,9.779473,0.007406,2.0,0.0,2.0,0,0
651,652,2,1.8646150000000001,17.921301,0.009638,2.0,0.0,2.0,0,0
652,653,2,2.111388,12.819683,0.005798,1.0,0.0,1.0,1,0
653,654,2,1.2936,9.10321,0.005809,2.0,0.0,1.0,1,0
654,655,2,1.6022699999999999,16.559549,0.007486,2.0,0.0,2.0,0,0
655,656,2,1.708406,17.669823,0.008542,1.0,0.0,2.0,0,0
656,657,2,1.355545,9.152676,0.005941,1.0,0.0,1.0,1,0
657,658,2,1.339637,11.527224,0.007203,2.0,0.0,2.0,0,0
658,659,2,1.336315,9.845717,0.007931,1.0,0.0,1.0,1,0
659,660,2,0.07253,12.646056,0.008002,0.0,0.0,0,2,0
660,661,2,1.590351,9.179275,0.005827,2.0,0.0,2.0,0,0
661,662,2,1.2933970000000001,9.237093,0.005922,1.0,0.0,1.0,1,0
662,663,2,1.498649,9.303196,0.005954,2.0,0.0,1.0,1,0
663,664,2,1.337124,9.342374,0.007155,2.0,0.0,1.0,0,1
664,665,2,1.5134379999999998,9.740866,0.009079,2.0,0.0,2.0,0,0
665,666,2,1.564405,9.968828,0.005819,2.0,0.0,2.0,0,0
666,667,2,1.2982960000000001,9.06959,0.005892,1.0,0.0,1.0,1,0
667,668,2,1.294302,9.073484,0.005883,2.0,0.0,2.0,0,0
668,669,2,1.2903959999999999,9.069327,0.00589,2.0,0.0,2.0,0,0
669,670,2,1.3083339999999999,9.086593,0.00587,1.0,0.0,1.0,0,1
670,671,2,1.290467,9.167239,0.007206,2.0,0.0,2.0,0,0
671,672,2,1.3441589999999999,9.155803,0.005828,1.0,0.0,1.0,1,0
672,673,2,1.310518,9.351698,0.007295,2.0,0.0,2.0,0,0
673,674,2,1.589736,9.86464,0.007166,2.0,0.0,2.0,0,0
674,675,2,1.345823,9.525916,0.007115,2.0,0.0,2.0,0,0
675,676,2,1.359797,9.516614,0.007163,2.0,0.0,2.0,0,0
676,677,2,1.3796089999999999,9.503957,0.007184,1.0,0.0,1.0,1,0
677,678,2,1.346859,9.51533,0.007109,2.0,0.0,2.0,0,0
678,679,2,1.348719,9.096972,0.005779,2.0,0.0,1.0,1,0
679,680,2,1.32609,9.35512,0.007308,1.0,0.0,1.0,1,0
680,681,2,1.528928,9.832314,0.00729,2.0,0.0,2.0,0,0
681,682,2,1.657216,9.564318,0.007255,2.0,0.0,2.0,0,0
682,683,2,1.550706,9.567435,0.007222,2.0,0.0,2.0,0,0
683,684,2,1.939902,14.414711,0.00728,2.0,0.0,2.0,0,0
684,685,2,1.664168,9.565887,0.007233,1.0,0.0,1.0,1,0
685,686,2,1.5560589999999999,9.629026,0.007292,2.0,0.0,2.0,0,0
686,687,2,1.647534,9.693651,0.007287,2.0,0.0,1.0,1,0
687,688,2,1.527118,10.15742,0.006126,2.0,0.0,2.0,0,0
688,689,2,1.6047820000000002,13.094095,0.005772,2.0,0.0,2.0,0,0
689,690,2,1.329332,9.107439,0.005813,1.0,0.0,1.0,1,0
690,691,2,1.300527,9.07589,0.005793,1.0,0.0,1.0,1,0
691,692,2,1.3158560000000001,9.121858,0.005793,1.0,0.0,1.0,1,0
692,693,2,0.052367,9.081879,0.005811,0.0,0.0,0,2,0
693,694,2,1.295061,9.085354,0.005839,2.0,0.0,2.0,0,0
694,695,2,1.315749,9.131759,0.00583,2.0,0.0,1.0,0,1
695,696,2,1.306983,9.085501,0.005821,2.0,0.0,1.0,1,0
696,697,2,1.302143,9.075107,0.005774,1.0,0.0,1.0,1,0
697,698,2,0.052569,9.084499,0.005861,0.0,0.0,0,1,1
698,699,2,1.294813,9.080119,0.005813,2.0,0.0,2.0,0,0
699,700,2,1.314586,9.069259,0.005893,1.0,0.0,1.0,1,0
700,701,2,1.29063,9.087461,0.005811,2.0,0.0,2.0,0,0
701,702,2,1.307592,9.070454,0.005804,1.0,0.0,0,2,0
702,703,2,1.302593,9.081248,0.005853,2.0,0.0,2.0,0,0
703,704,2,1.295953,9.155378,0.005858,2.0,0.0,2.0,0,0
704,705,2,1.294667,9.072542,0.005871,2.0,0.0,2.0,0,0
705,706,2,1.288753,9.072523,0.005864,2.0,0.0,1.0,0,1
706,707,2,1.3064390000000001,9.081291,0.005868,1.0,0.0,1.0,1,0
707,708,2,1.335172,9.125302,0.005865,2.0,0.0,2.0,0,0
708,709,2,1.347396,9.183966,0.00592,1.0,0.0,0,1,1
709,710,2,1.315357,9.228176,0.005967,2.0,0.0,2.0,0,0
710,711,2,1.310662,9.148698,0.005873,2.0,0.0,2.0,0,0
711,712,2,1.311137,12.712109,0.005868,2.0,0.0,1.0,1,0
712,713,2,1.323551,9.113421,0.005842,1.0,0.0,1.0,1,0
713,714,2,1.323342,10.279426,0.005924,1.0,0.0,1.0,0,1
714,715,2,1.328779,10.277322999999999,0.005973,2.0,0.0,2.0,0,0
715,716,2,1.319657,9.109562,0.005873,2.0,0.0,1.0,0,1
716,717,2,1.312041,9.11945,0.005866,2.0,0.0,1.0,0,1
717,718,2,1.309366,9.10964,0.005978,2.0,0.0,2.0,0,0
718,719,2,0.061651,9.169574,0.005907,0.0,0.0,1.0,1,0
719,720,2,1.321662,9.107329,0.005881,1.0,0.0,1.0,1,0
720,721,2,0.053502,9.159101,0.005877,0.0,0.0,0,2,0
721,722,2,1.310855,9.115662,0.005853,2.0,0.0,0,2,0
722,723,2,1.322282,9.111378,0.005894,1.0,0.0,1.0,1,0
723,724,2,1.342122,9.112922,0.005859,1.0,0.0,1.0,1,0
724,725,2,1.330365,9.112415,0.005846,1.0,0.0,1.0,0,1
725,726,2,1.316509,9.109668,0.005869,2.0,0.0,2.0,0,0
726,727,2,1.3132679999999999,9.181437,0.005817,2.0,0.0,1.0,0,1
727,728,2,1.330366,9.24479,0.005847,2.0,0.0,2.0,0,0
728,729,2,1.355603,9.290099,0.005832,1.0,0.0,1.0,1,0
729,730,2,1.324679,9.207712,0.005826,2.0,0.0,2.0,0,0
730,731,2,0.052906,9.153609,0.005899,0.0,0.0,0,2,0
731,732,2,1.302018,9.100638,0.005834,2.0,0.0,2.0,0,0
732,733,2,0.053051,9.1175,0.005876,0.0,0.0,1.0,1,0
733,734,2,1.311428,9.488493,0.007105,1.0,0.0,1.0,1,0
734,735,2,1.351122,9.499426,0.007132,1.0,0.0,1.0,1,0
735,736,2,1.342871,9.509332,0.007148,2.0,0.0,2.0,0,0
736,737,2,1.31555,9.519953,0.007182,2.0,0.0,2.0,0,0
737,738,2,1.33448,10.433177,0.007404,2.0,0.0,2.0,0,0
738,739,2,1.6258080000000001,15.738139,0.005792,2.0,0.0,2.0,0,0
739,740,2,1.327849,9.948146,0.008019,1.0,0.0,1.0,0,1
740,741,2,1.582703,15.02094,0.005844,2.0,0.0,2.0,0,0
741,742,2,1.305208,9.071724,0.005816,1.0,0.0,2.0,0,0
742,743,2,1.303799,9.397575,0.007247,2.0,0.0,2.0,0,0
743,744,2,1.674464,9.233869,0.00583,2.0,0.0,2.0,0,0
744,745,2,1.484882,9.363138,0.0071,2.0,0.0,1.0,1,0
745,746,2,1.876714,16.898324,0.010007,2.0,0.0,2.0,0,0
746,747,2,2.026741,9.562906,0.007248,2.0,0.0,1.0,1,0
747,748,2,1.656509,9.64798,0.00733,2.0,0.0,2.0,0,0
748,749,2,1.606654,9.622424,0.007252,1.0,0.0,1.0,1,0
749,750,2,1.539925,9.367159000000001,0.005831,2.0,0.0,1.0,1,0
750,751,2,1.3133569999999999,10.380042,0.005818,1.0,0.0,1.0,1,0
751,752,2,1.283484,9.076945,0.005838,2.0,0.0,2.0,0,0
752,753,2,1.347089,10.175698,0.005816,2.0,0.0,2.0,0,0
753,754,2,1.293574,9.073942,0.005865,2.0,0.0,2.0,0,0
754,755,2,1.285056,9.07657,0.005803,2.0,0.0,2.0,0,0
755,756,2,1.286956,9.178119,0.005862,2.0,0.0,2.0,0,0
756,757,2,1.298393,10.324338000000001,0.005813,2.0,0.0,2.0,0,0
757,758,2,1.297924,9.104766,0.00584,2.0,0.0,1.0,1,0
758,759,2,1.3486639999999999,9.090768,0.005815,1.0,0.0,1.0,0,1
759,760,2,0.052317,9.125193,0.005779,0.0,0.0,0,2,0
760,761,2,1.293326,9.070542,0.005808,2.0,0.0,1.0,1,0
761,762,2,0.052412,9.084492,0.00582,0.0,0.0,1.0,1,0
762,763,2,0.052835,9.07798,0.005844,0.0,0.0,2.0,0,0
763,764,2,1.307773,9.074567,0.005826,1.0,0.0,1.0,1,0
764,765,2,1.296484,9.092712,0.005799,2.0,0.0,2.0,0,0
765,766,2,1.299237,9.095357,0.007192,1.0,0.0,2.0,0,0
766,767,2,1.345213,9.195361,0.005791,2.0,0.0,2.0,0,0
767,768,2,1.336825,9.149551,0.005789,1.0,0.0,1.0,1,0
768,769,2,1.324807,9.129557,0.00586,2.0,0.0,1.0,1,0
769,770,2,1.34195,9.117879,0.005835,2.0,0.0,1.0,1,0
770,771,2,1.307796,9.090168,0.005835,1.0,0.0,2.0,0,0
771,772,2,1.2963390000000001,9.070217,0.005808,2.0,0.0,2.0,0,0
772,773,2,1.2891059999999999,9.061812,0.005799,2.0,0.0,2.0,0,0
773,774,2,1.2883580000000001,9.068004,0.005802,2.0,0.0,2.0,0,0
774,775,2,1.301074,9.068445,0.0058,1.0,0.0,1.0,1,0
775,776,2,1.289671,9.065117,0.005786,2.0,0.0,2.0,0,0
776,777,2,1.287639,9.080653,0.005777,2.0,0.0,2.0,0,0
777,778,2,1.299668,9.081262,0.005834,2.0,0.0,2.0,0,0
778,779,2,1.332622,9.181091,0.005792,2.0,0.0,1.0,1,0
779,780,2,1.331458,9.169972,0.006114,1.0,0.0,1.0,0,1
780,781,2,1.29748,9.066679,0.00585,1.0,0.0,1.0,1,0
781,782,2,1.306179,9.067172,0.005855,1.0,0.0,1.0,1,0
782,783,2,1.293269,9.068438,0.005788,2.0,0.0,2.0,0,0
783,784,2,1.294735,9.099485,0.005798,2.0,0.0,2.0,0,0
784,785,2,1.443647,9.393547,0.005846,1.0,0.0,1.0,1,0
785,786,2,1.320197,9.067566,0.005798,2.0,0.0,2.0,0,0
786,787,2,1.304462,9.389684,0.005829,1.0,0.0,0,2,0
787,788,2,1.40408,9.166385,0.005852,1.0,0.0,1.0,0,1
788,789,2,1.375216,9.208858,0.00586,2.0,0.0,1.0,1,0
789,790,2,1.289513,9.06804,0.005877,2.0,0.0,2.0,0,0
790,791,2,1.30503,9.072022,0.00583,1.0,0.0,1.0,1,0
791,792,2,1.2994919999999999,9.120146,0.005855,1.0,0.0,2.0,0,0
792,793,2,0.052662,9.071463,0.005863,0.0,0.0,0,2,0
793,794,2,1.300263,9.076836,0.007154,1.0,0.0,1.0,1,0
794,795,2,1.3431250000000001,9.111105,0.007123,1.0,0.0,1.0,0,1
795,796,2,1.3270140000000001,9.074784,0.005895,2.0,0.0,1.0,0,1
796,797,2,1.2983850000000001,9.073012,0.005815,2.0,0.0,2.0,0,0
797,798,2,1.313542,9.068797,0.005847,1.0,0.0,1.0,1,0
798,799,2,1.306699,9.140587,0.005776,1.0,0.0,1.0,1,0
799,800,2,1.338389,9.194128,0.005833,2.0,0.0,2.0,0,0
800,801,2,1.330312,9.107207,0.005897,2.0,0.0,1.0,0,1
801,802,2,1.307109,9.088699,0.005851,1.0,0.0,0,0,2
802,803,2,1.2952219999999999,9.071078,0.005851,2.0,0.0,1.0,1,0
803,804,2,1.301051,9.074137,0.00588,2.0,0.0,1.0,1,0
804,805,2,1.314177,9.074233,0.005843,2.0,0.0,1.0,1,0
805,806,2,1.304308,9.223517,0.007157,1.0,0.0,2.0,0,0
806,807,2,1.34444,9.549163,0.007054,2.0,0.0,1.0,1,0
807,808,2,1.34793,9.211257,0.008946,1.0,0.0,1.0,1,0
808,809,2,1.470883,9.320234,0.006456,2.0,0.0,1.0,1,0
809,810,2,1.526219,12.348069,0.007512,1.0,0.0,1.0,1,0
810,811,2,1.476024,9.304995,0.007172,2.0,0.0,2.0,0,0
811,812,2,1.348552,9.395359,0.007211,1.0,0.0,1.0,1,0
812,813,2,1.52702,9.387162,0.005918,2.0,0.0,2.0,0,0
813,814,2,1.329151,9.341774000000001,0.005889,1.0,0.0,1.0,1,0
814,815,2,1.351121,9.454794,0.007644,2.0,0.0,1.0,1,0
815,816,2,1.5903049999999999,9.814835,0.007209,2.0,0.0,2.0,0,0
816,817,2,1.394332,9.808494,0.007633,2.0,0.0,2.0,0,0
817,818,2,1.499357,9.396503,0.007284,1.0,0.0,0,1,1
818,819,2,1.498261,9.807772,0.007364,1.0,0.0,1.0,1,0
819,820,2,1.387067,9.647321,0.00723,2.0,0.0,2.0,0,0
820,821,2,1.532832,9.278898,0.009147,1.0,0.0,0,0,2
821,822,2,1.505452,9.841336,0.007944,1.0,0.0,1.0,1,0
822,823,2,1.766119,9.80824,0.005858,2.0,0.0,2.0,0,0
823,824,2,1.621333,9.948363,0.007221,2.0,0.0,1.0,1,0
824,825,2,1.566581,10.021522,0.007185,2.0,0.0,1.0,0,1
825,826,2,1.579367,10.013234,0.007471,1.0,0.0,1.0,1,0
826,827,2,1.61055,10.033417,0.007218,2.0,0.0,2.0,0,0
827,828,2,1.607963,10.014,0.007238,2.0,0.0,2.0,0,0
828,829,2,1.581578,9.840836,0.005859,1.0,0.0,1.0,0,1
829,830,2,1.6810749999999999,9.61989,0.005962,2.0,0.0,1.0,1,0
830,831,2,1.494921,9.286472,0.006023,2.0,0.0,2.0,0,0
831,832,2,1.3375460000000001,9.46041,0.005964,2.0,0.0,2.0,0,0
832,833,2,1.314066,9.268285,0.005902,2.0,0.0,2.0,0,0
833,834,2,1.379812,9.331035,0.005931,1.0,0.0,1.0,1,0
834,835,2,1.4606430000000001,9.567904,0.007206,2.0,0.0,2.0,0,0
835,836,2,0.065269,9.616572,0.007316,0.0,0.0,0,2,0
836,837,2,1.4997150000000001,9.370836,0.00721,1.0,0.0,1.0,1,0
837,838,2,1.4195769999999999,9.214817,0.005867,2.0,0.0,1.0,0,1
838,839,2,0.060769,9.417444,0.007156,0.0,0.0,0,2,0
839,840,2,1.5150329999999999,9.55163,0.007172,1.0,0.0,1.0,1,0
840,841,2,1.377212,9.573626,0.005941,1.0,0.0,0,2,0
841,842,2,1.389506,9.591022,0.007124,2.0,0.0,2.0,0,0
842,843,2,1.376579,9.776528,0.007118,1.0,0.0,1.0,0,1
843,844,2,1.377439,9.595968,0.007126,2.0,0.0,2.0,0,0
844,845,2,1.459824,15.423798,0.008513,1.0,0.0,1.0,1,0
845,846,2,1.781527,9.470446,0.005935,2.0,0.0,2.0,0,0
846,847,2,1.334736,9.312928,0.006199,1.0,0.0,1.0,1,0
847,848,2,2.002318,9.571084,0.005925,1.0,0.0,2.0,0,0
848,849,2,1.377063,9.485418,0.005958,1.0,0.0,1.0,1,0
849,850,2,1.45224,17.088897,0.005923,1.0,0.0,1.0,0,1
850,851,2,1.3846530000000001,9.277054,0.007451,1.0,0.0,1.0,1,0
851,852,2,1.337647,9.47917,0.007133,2.0,0.0,2.0,0,0
852,853,2,1.362383,9.592433,0.007137,1.0,0.0,1.0,0,1
853,854,2,1.374434,9.753971,0.00721,2.0,0.0,1.0,0,1
854,855,2,1.408254,9.67841,0.007332,1.0,0.0,1.0,1,0
855,856,2,1.382068,16.143364,0.007808,2.0,0.0,2.0,0,0
856,857,2,1.91961,114.119042,0.007423,1.0,0.0,1.0,1,0
857,858,2,2.086608,9.850966,0.005924,1.0,0.0,1.0,1,0
858,859,2,1.398458,9.358591,0.005792,2.0,0.0,2.0,0,0
859,860,2,1.343757,9.324741,0.005805,1.0,0.0,2.0,0,0
860,861,2,1.308473,9.267138,0.005873,1.0,0.0,1.0,1,0
861,862,2,1.2942179999999999,9.274218,0.005833,2.0,0.0,2.0,0,0
862,863,2,1.302391,9.284261,0.005801,2.0,0.0,2.0,0,0
863,864,2,1.340806,9.272558,0.00584,1.0,0.0,2.0,0,0
864,865,2,1.299866,9.302331,0.005877,2.0,0.0,1.0,0,1
865,866,2,1.309142,9.363276,0.005814,2.0,0.0,1.0,0,1
866,867,2,1.337613,9.405194,0.005843,2.0,0.0,1.0,0,1
867,868,2,1.429188,9.723989,0.006225,2.0,0.0,2.0,0,0
868,869,2,1.8889740000000002,9.731583,0.005888,2.0,0.0,2.0,0,0
869,870,2,1.3798,9.410473,0.005869,1.0,0.0,1.0,1,0
870,871,2,1.3768340000000001,9.673585,0.007123,2.0,0.0,2.0,0,0
871,872,2,1.691693,9.708167,0.007104,1.0,0.0,1.0,0,1
872,873,2,1.381536,12.557621,0.007807,1.0,0.0,1.0,0,1
873,874,2,1.6823540000000001,17.780465,0.009848,1.0,0.0,1.0,1,0
874,875,2,1.767701,10.554223,0.007136,1.0,0.0,1.0,1,0
875,876,2,1.372322,9.756035,0.007325,1.0,0.0,1.0,1,0
876,877,2,1.466555,10.511486,0.007832,1.0,0.0,0,1,1
877,878,2,1.766477,17.438083,0.007929,1.0,0.0,1.0,1,0
878,879,2,1.648911,13.062615,0.005796,2.0,0.0,2.0,0,0
879,880,2,1.337639,9.694373,0.007074,1.0,0.0,1.0,0,1
880,881,2,1.333682,9.697205,0.007084,2.0,0.0,2.0,0,0
881,882,2,1.345022,17.128668,0.00963,2.0,0.0,2.0,0,0
882,883,2,1.6722700000000001,15.163653,0.005919,2.0,0.0,2.0,0,0
883,884,2,1.374723,9.335169,0.005931,2.0,0.0,2.0,0,0
884,885,2,1.362069,9.415331,0.005862,2.0,0.0,2.0,0,0
885,886,2,0.05309,13.998371,0.008881,0.0,0.0,0,1,1
886,887,2,0.07483,23.894717,0.018199,0.0,0.0,0,2,0
887,888,2,1.886635,17.744352,0.010186,2.0,0.0,2.0,0,0
888,889,2,1.675716,25.269546,0.017672,2.0,0.0,1.0,0,1
889,890,2,3.8625439999999998,24.627654,0.006159,2.0,0.0,1.0,1,0
890,891,2,0.071452,15.842181,0.007992,0.0,0.0,1.0,1,0
891,892,2,0.07762,13.694387,0.007198,0.0,0.0,0,2,0
892,893,2,1.742308,16.690009,0.008537,1.0,0.0,1.0,1,0
893,894,2,1.745813,14.876825,0.007591,1.0,0.0,1.0,1,0
894,895,2,1.843902,11.628422,0.005883,2.0,0.0,1.0,1,0
895,896,2,1.314004,9.524603,0.00722,2.0,0.0,2.0,0,0
896,897,2,1.362625,15.719029,0.011327,1.0,0.0,1.0,1,0
897,898,2,0.099643,16.601893,0.007493,0.0,0.0,0,1,1
898,899,2,1.76311,9.569443,0.007129,2.0,0.0,2.0,0,0
899,900,2,1.343124,9.561658,0.007148,1.0,0.0,0,2,0
900,901,2,1.362345,9.726397,0.007182,1.0,0.0,1.0,0,1
901,902,2,1.341281,15.684843,0.009283,2.0,0.0,2.0,0,0
902,903,2,1.661627,16.164067,0.007585,2.0,0.0,2.0,0,0
903,904,2,1.711249,9.694901,0.007138,2.0,0.0,2.0,0,0
904,905,2,1.354612,9.681871,0.007153,1.0,0.0,1.0,1,0
905,906,2,1.36606,9.708153,0.007107,1.0,0.0,1.0,1,0
906,907,2,1.615826,17.580121,0.009161,1.0,0.0,1.0,0,1
907,908,2,1.6676199999999999,14.175639,0.007143,1.0,0.0,2.0,0,0
908,909,2,0.064662,9.733183,0.00716,0.0,0.0,0,2,0
909,910,2,1.349298,9.715644,0.007119,2.0,0.0,2.0,0,0
910,911,2,1.355279,14.244768,0.007555,2.0,0.0,2.0,0,0
911,912,2,1.677843,20.355138,0.021554,2.0,0.0,2.0,0,0
912,913,2,2.363333,18.375351,0.00993,2.0,0.0,2.0,0,0
913,914,2,1.654309,12.19013,0.007162,2.0,0.0,2.0,0,0
914,915,2,1.359262,9.29822,0.005838,1.0,0.0,1.0,1,0
915,916,2,1.314789,9.537487,0.006365,1.0,0.0,1.0,1,0
916,917,2,1.617638,18.310487,0.007072,1.0,0.0,1.0,1,0
917,918,2,1.594109,17.156123,0.007321,2.0,0.0,1.0,1,0
918,919,2,1.739249,10.270466,0.005892,1.0,0.0,1.0,1,0
919,920,2,1.346603,9.323258,0.005851,1.0,0.0,1.0,1,0
920,921,2,1.332556,9.392514,0.007126,2.0,0.0,2.0,0,0
921,922,2,1.34591,9.336481,0.005952,2.0,0.0,2.0,0,0
922,923,2,1.3495,9.348614,0.005914,2.0,0.0,2.0,0,0
923,924,2,1.331658,9.313147,0.005917,1.0,0.0,1.0,0,1
924,925,2,1.3296459999999999,9.315873,0.005897,1.0,0.0,1.0,1,0
925,926,2,0.05348,9.317254,0.005918,0.0,0.0,0,1,1
926,927,2,0.05363,9.348952,0.005862,0.0,0.0,0,2,0
927,928,2,1.34911,9.297914,0.007157,2.0,0.0,0,2,0
928,929,2,0.058546,9.331999,0.005979,0.0,0.0,1.0,1,0
929,930,2,0.053578,9.359575,0.005895,0.0,0.0,0,1,1
930,931,2,1.348736,9.382845,0.005964,2.0,0.0,2.0,0,0
931,932,2,0.066109,9.373419,0.005941,0.0,0.0,0,1,1
932,933,2,1.323339,9.322962,0.006203,1.0,0.0,0,2,0
933,934,2,0.053481,9.327328,0.00595,0.0,0.0,0,2,0
934,935,2,1.309209,9.322864,0.005925,2.0,0.0,2.0,0,0
935,936,2,1.324983,9.33455,0.005949,1.0,0.0,0,2,0
936,937,2,1.320231,9.315617,0.005934,2.0,0.0,2.0,0,0
937,938,2,1.320842,9.329756,0.005925,2.0,0.0,1.0,0,1
938,939,2,1.328605,9.344314,0.005958,1.0,0.0,0,1,1
939,940,2,0.054139,9.38332,0.00598,0.0,0.0,0,2,0
940,941,2,1.371273,9.313687,0.005852,2.0,0.0,2.0,0,0
941,942,2,1.31942,9.402212,0.005936,1.0,0.0,1.0,1,0
942,943,2,0.053174,9.520633,0.00594,0.0,0.0,1.0,1,0
943,944,2,1.473041,9.854324,0.007457,2.0,0.0,2.0,0,0
944,945,2,1.769398,10.425496,0.007436,2.0,0.0,1.0,0,1
945,946,2,1.784072,9.687672,0.006112,1.0,0.0,1.0,0,1
946,947,2,1.393352,9.651098,0.007439,2.0,0.0,2.0,0,0
947,948,2,1.4334470000000001,10.099763,0.007601,2.0,0.0,0,0,2
948,949,2,1.641513,10.138049,0.007523,2.0,0.0,0,1,1
949,950,2,1.676444,9.572123,0.006022,1.0,0.0,1.0,1,0
950,951,2,1.384819,9.568581,0.007319,2.0,0.0,1.0,1,0
951,952,2,1.547687,9.769144,0.007289,2.0,0.0,2.0,0,0
952,953,2,1.430143,9.782026,0.006047,2.0,0.0,2.0,0,0
953,954,2,1.388941,9.542271,0.006022,2.0,0.0,2.0,0,0
954,955,2,1.430574,9.617092,0.006145,1.0,0.0,1.0,0,1
955,956,2,1.423029,9.645574,0.007573,2.0,0.0,1.0,1,0
956,957,2,1.419046,9.616549,0.005974,2.0,0.0,2.0,0,0
957,958,2,1.409922,9.775524,0.006,2.0,0.0,2.0,0,0
958,959,2,1.60815,9.7491,0.006011,1.0,0.0,2.0,0,0
959,960,2,1.592463,10.098294,0.007353,2.0,0.0,1.0,1,0
960,961,2,0.067061,10.092429,0.007352,0.0,0.0,1.0,1,0
961,962,2,1.662734,10.238914,0.007375,1.0,0.0,1.0,1,0
962,963,2,1.6068099999999998,10.025397,0.007409,2.0,0.0,2.0,0,0
963,964,2,1.5787529999999999,9.999053,0.007412,2.0,0.0,2.0,0,0
964,965,2,1.5988259999999999,9.940246,0.007224,1.0,0.0,1.0,1,0
965,966,2,1.609359,9.58955,0.007132,2.0,0.0,2.0,0,0
966,967,2,1.362586,9.468685,0.005905,1.0,0.0,1.0,1,0
967,968,2,1.322966,9.35857,0.005931,2.0,0.0,2.0,0,0
968,969,2,1.429031,9.350971,0.005894,2.0,0.0,1.0,0,1
969,970,2,1.3212169999999999,9.374209,0.005886,1.0,0.0,1.0,1,0
970,971,2,1.35839,9.415556,0.005796,1.0,0.0,1.0,1,0
971,972,2,1.358795,9.650302,0.008222,1.0,0.0,1.0,1,0
972,973,2,1.69264,9.820577,0.007132,1.0,0.0,1.0,1,0
973,974,2,1.375241,9.696385,0.007119,1.0,0.0,0,1,1
974,975,2,1.361484,9.759769,0.007092,2.0,0.0,2.0,0,0
975,976,2,1.368706,9.729325,0.007206,2.0,0.0,2.0,0,0
976,977,2,1.37682,9.711973,0.007097,1.0,0.0,1.0,1,0
977,978,2,1.362723,9.702629,0.007087,1.0,0.0,1.0,1,0
978,979,2,1.99966,10.378159,0.009087,1.0,0.0,1.0,1,0
979,980,2,1.64074,9.955777,0.007215,1.0,0.0,1.0,1,0
980,981,2,1.6272440000000001,593.400332,0.009972,1.0,0.0,1.0,0,1
981,982,2,0.310617,9.896579,0.005821,0.0,0.0,0,2,0
982,983,2,1.6082049999999999,9.283737,0.005939,1.0,0.0,1.0,1,0
983,984,2,1.3349980000000001,9.320079,0.005893,1.0,0.0,1.0,0,1
984,985,2,1.3633709999999999,9.302108,0.005999,1.0,0.0,1.0,0,1
985,986,2,1.361081,9.347908,0.005956,1.0,0.0,1.0,1,0
986,987,2,1.3289659999999999,9.328675,0.005885,2.0,0.0,2.0,0,0
987,988,2,1.342185,9.308225,0.005927,1.0,0.0,0,2,0
988,989,2,1.330266,9.477605,0.005932,2.0,0.0,0,2,0
989,990,2,1.3647909999999999,9.718957,0.007174,1.0,0.0,1.0,0,1
990,991,2,1.513893,9.739008,0.007148,1.0,0.0,1.0,0,1
991,992,2,1.365283,9.370801,0.005924,2.0,0.0,2.0,0,0
992,993,2,1.33902,9.322976,0.005909,1.0,0.0,0,1,1
993,994,2,1.33555,9.364712,0.005953,2.0,0.0,2.0,0,0
994,995,2,0.053868,9.363814,0.005823,0.0,0.0,0,0,2
995,996,2,1.351447,9.97883,0.006377,1.0,0.0,1.0,1,0
996,997,2,1.538305,9.386777,0.005903,2.0,0.0,2.0,0,0
997,998,2,1.375723,9.470662,0.005915,2.0,0.0,2.0,0,0
998,999,2,1.3285420000000001,9.309419,0.007113,2.0,0.0,2.0,0,0
999,1000,2,1.353787,9.315764,0.005893,1.0,0.0,1.0,1,0
1000,1001,2,1.348306,9.4157,0.005974,2.0,0.0,2.0,0,0
1001,1002,2,1.413579,9.43122,0.005949,2.0,0.0,2.0,0,0
1002,1003,2,1.4114200000000001,9.795203,0.007447,2.0,0.0,2.0,0,0
1003,1004,2,1.481981,9.408904,0.005818,2.0,0.0,2.0,0,0
1004,1005,2,1.464667,9.452766,0.006103,2.0,0.0,2.0,0,0
1005,1006,2,1.3462100000000001,9.572539,0.006195,2.0,0.0,1.0,1,0
1006,1007,2,1.594135,14.909877999999999,0.006259,2.0,0.0,2.0,0,0
1007,1008,2,1.576894,13.630414,0.005885,2.0,0.0,1.0,1,0
1008,1009,2,0.053331,11.459379,0.007798,0.0,0.0,0,2,0
1009,1010,2,1.565364,11.342276,0.009282,2.0,0.0,2.0,0,0
1010,1011,2,1.5472700000000001,10.943938,0.005879,2.0,0.0,1.0,0,1
1011,1012,2,1.316859,9.325232,0.006276,1.0,0.0,1.0,0,1
1012,1013,2,1.34687,9.415238,0.007191,2.0,0.0,1.0,1,0
1013,1014,2,1.3754870000000001,9.334461,0.00714,1.0,0.0,1.0,0,1
1014,1015,2,1.301045,9.301723,0.006012,2.0,0.0,1.0,0,1
1015,1016,2,1.3738679999999999,9.414516,0.007283,2.0,0.0,2.0,0,0
1016,1017,2,1.42727,9.693021,0.007204,2.0,0.0,1.0,0,1
1017,1018,2,1.364732,9.762981,0.007169,2.0,0.0,2.0,0,0
1018,1019,2,1.361358,9.781719,0.007198,2.0,0.0,2.0,0,0
1019,1020,2,1.371637,9.700948,0.007197,1.0,0.0,1.0,1,0
1020,1021,2,1.353967,9.687474,0.007141,2.0,0.0,2.0,0,0
1021,1022,2,1.35142,9.693153,0.007152,2.0,0.0,2.0,0,0
1022,1023,2,1.3659780000000001,9.692952,0.0072,1.0,0.0,0,2,0
1023,1024,2,1.361841,9.689427,0.007224,2.0,0.0,2.0,0,0
1024,1025,2,1.365143,9.692731,0.007189,1.0,0.0,1.0,1,0
1025,1026,2,1.35904,9.679599,0.007183,1.0,0.0,1.0,0,1
1026,1027,2,1.348266,9.683374,0.007161,2.0,0.0,2.0,0,0
1027,1028,2,0.064787,9.679297,0.007116,0.0,0.0,0,2,0
1028,1029,2,1.355943,9.671065,0.007115,1.0,0.0,0,1,1
1029,1030,2,0.064624,9.667901,0.007132,0.0,0.0,0,1,1
1030,1031,2,1.350474,9.661602,0.007132,1.0,0.0,1.0,0,1
1031,1032,2,1.345843,9.67369,0.007172,2.0,0.0,2.0,0,0
1032,1033,2,1.371427,9.659961,0.007128,2.0,0.0,2.0,0,0
1033,1034,2,0.064686,9.675157,0.007138,0.0,0.0,0,2,0
1034,1035,2,1.360184,9.663813,0.007139,1.0,0.0,1.0,1,0
1035,1036,2,1.35641,9.673901,0.007171,1.0,0.0,1.0,1,0
1036,1037,2,1.330921,9.664058,0.007139,2.0,0.0,1.0,0,1
1037,1038,2,1.36989,15.754475,0.00754,2.0,0.0,2.0,0,0
1038,1039,2,1.5771579999999998,14.368859,0.007491,2.0,0.0,2.0,0,0
1039,1040,2,0.062932,11.604874,0.007218,0.0,0.0,1.0,1,0
1040,1041,2,1.357935,9.439437,0.005921,1.0,0.0,0,2,0
1041,1042,2,1.334459,9.334327,0.005856,2.0,0.0,2.0,0,0
1042,1043,2,1.305786,9.266302,0.005863,1.0,0.0,1.0,1,0
1043,1044,2,1.320772,9.256894,0.005837,1.0,0.0,1.0,1,0
1044,1045,2,1.294914,9.271903,0.005871,2.0,0.0,0,2,0
1045,1046,2,1.325373,9.346415,0.005873,2.0,0.0,2.0,0,0
1046,1047,2,1.335084,9.414913,0.00587,2.0,0.0,2.0,0,0
1047,1048,2,0.052628,9.284299,0.005822,0.0,0.0,0,0,2
1048,1049,2,1.298597,9.275378,0.005878,2.0,0.0,2.0,0,0
1049,1050,2,1.322427,9.334749,0.005841,1.0,0.0,0,2,0
1050,1051,2,0.052811,9.302405,0.005861,0.0,0.0,0,0,2
1051,1052,2,1.340305,9.307549999999999,0.005845,2.0,0.0,2.0,0,0
1052,1053,2,1.295502,9.351794,0.007122,2.0,0.0,2.0,0,0
1053,1054,2,1.328688,9.336554,0.005812,2.0,0.0,2.0,0,0
1054,1055,2,1.361221,9.919745,0.007768,2.0,0.0,1.0,1,0
1055,1056,2,1.5959910000000002,9.521798,0.005859,2.0,0.0,2.0,0,0
1056,1057,2,1.408887,9.59656,0.006543,2.0,0.0,2.0,0,0
1057,1058,2,1.366948,9.355195,0.005875,1.0,0.0,1.0,1,0
1058,1059,2,0.053054,9.379441,0.00589,0.0,0.0,0,1,1
1059,1060,2,1.4212099999999999,9.918273,0.007322,1.0,0.0,1.0,0,1
1060,1061,2,1.438938,9.543854,0.005899,1.0,0.0,2.0,0,0
1061,1062,2,1.33564,9.786645,0.005912,2.0,0.0,2.0,0,0
1062,1063,2,1.304669,9.377271,0.005989,2.0,0.0,1.0,1,0
1063,1064,2,1.382095,9.421638,0.005956,1.0,0.0,1.0,1,0
1064,1065,2,1.370805,9.43971,0.005963,2.0,0.0,1.0,0,1
1065,1066,2,1.38814,9.420568,0.006004,1.0,0.0,0,2,0
1066,1067,2,1.410518,9.85289,0.007325,2.0,0.0,2.0,0,0
1067,1068,2,1.442154,9.865287,0.007218,1.0,0.0,2.0,0,0
1068,1069,2,1.4413529999999999,9.79619,0.00589,1.0,0.0,1.0,1,0
1069,1070,2,1.375114,9.401849,0.005942,1.0,0.0,1.0,1,0
1070,1071,2,1.357651,9.413363,0.005936,2.0,0.0,2.0,0,0
1071,1072,2,1.3558729999999999,9.404641,0.005919,2.0,0.0,2.0,0,0
1072,1073,2,1.376901,9.412796,0.005905,1.0,0.0,0,2,0
1073,1074,2,0.053419,9.406927,0.005895,0.0,0.0,0,2,0
1074,1075,2,1.376863,9.41749,0.005943,1.0,0.0,1.0,0,1
1075,1076,2,1.359401,9.416018,0.005907,2.0,0.0,2.0,0,0
1076,1077,2,1.358336,9.424377,0.005912,2.0,0.0,2.0,0,0
1077,1078,2,1.36648,9.453448,0.005934,1.0,0.0,2.0,0,0
1078,1079,2,1.369032,9.427372,0.005931,1.0,0.0,1.0,1,0
1079,1080,2,1.3605749999999999,9.411197,0.005912,2.0,0.0,2.0,0,0
1080,1081,2,1.362983,9.446224,0.005899,1.0,0.0,0,1,1
1081,1082,2,1.413265,9.84385,0.007253,1.0,0.0,1.0,1,0
1082,1083,2,1.404878,9.891266,0.007258,2.0,0.0,2.0,0,0
1083,1084,2,1.418921,9.894131,0.007234,1.0,0.0,1.0,1,0
1084,1085,2,1.415855,9.883241,0.007236,1.0,0.0,1.0,1,0
1085,1086,2,1.415232,9.888514,0.007309,1.0,0.0,1.0,0,1
1086,1087,2,0.066446,9.889371,0.007416,0.0,0.0,0,2,0
1087,1088,2,0.066519,9.885232,0.007252,0.0,0.0,0,1,1
1088,1089,2,1.408934,9.887676,0.007219,2.0,0.0,1.0,0,1
1089,1090,2,1.406423,9.896878,0.007366,2.0,0.0,2.0,0,0
1090,1091,2,1.43336,9.892098,0.007315,2.0,0.0,1.0,1,0
1091,1092,2,1.432877,9.378933,0.005878,2.0,0.0,2.0,0,0
1092,1093,2,1.29819,9.325765,0.005836,2.0,0.0,2.0,0,0
1093,1094,2,1.289641,9.263657,0.005881,2.0,0.0,2.0,0,0
1094,1095,2,1.298463,9.303524,0.005827,2.0,0.0,2.0,0,0
1095,1096,2,1.321552,9.322975,0.005841,1.0,0.0,1.0,0,1
1096,1097,2,1.310342,9.327579,0.005807,2.0,0.0,2.0,0,0
1097,1098,2,1.318464,9.357163,0.00584,2.0,0.0,2.0,0,0
1098,1099,2,1.339486,9.314264,0.005913,2.0,0.0,2.0,0,0
1099,1100,2,1.302209,9.308473,0.010149,2.0,0.0,2.0,0,0
1100,1101,2,1.34483,9.367507,0.005924,2.0,0.0,2.0,0,0
1101,1102,2,1.344816,9.431669,0.006041,2.0,0.0,2.0,0,0
1102,1103,2,1.365689,9.388714,0.005922,1.0,0.0,1.0,1,0
1103,1104,2,1.35491,9.435302,0.00592,1.0,0.0,1.0,0,1
1104,1105,2,1.353459,9.360392,0.005847,1.0,0.0,1.0,0,1
1105,1106,2,1.338212,9.4713,0.007128,2.0,0.0,2.0,0,0
1106,1107,2,1.348233,9.669339,0.007151,1.0,0.0,1.0,0,1
1107,1108,2,1.358674,9.655095,0.007103,1.0,0.0,1.0,1,0
1108,1109,2,1.360367,9.671427,0.007167,1.0,0.0,1.0,1,0
1109,1110,2,1.366413,9.65833,0.007169,1.0,0.0,1.0,1,0
1110,1111,2,1.3600430000000001,9.477769,0.005879,2.0,0.0,1.0,1,0
1111,1112,2,1.347413,9.339966,0.005943,2.0,0.0,2.0,0,0
1112,1113,2,1.332376,9.472907,0.005843,2.0,0.0,2.0,0,0
1113,1114,2,1.294132,9.350198,0.00601,2.0,0.0,1.0,0,1
1114,1115,2,1.311906,9.328939,0.005852,1.0,0.0,0,2,0
1115,1116,2,1.2981449999999999,9.368214,0.005822,2.0,0.0,1.0,1,0
1116,1117,2,1.35861,9.387181,0.005902,1.0,0.0,1.0,0,1
1117,1118,2,1.316567,9.323504,0.005858,2.0,0.0,2.0,0,0
1118,1119,2,1.375157,9.361271,0.005946,2.0,0.0,2.0,0,0
1119,1120,2,1.31102,9.298865,0.005938,2.0,0.0,2.0,0,0
1120,1121,2,1.320412,9.338092,0.005979,1.0,0.0,1.0,1,0
1121,1122,2,1.342128,11.000877,0.006402,1.0,0.0,1.0,1,0
1122,1123,2,1.7152889999999998,18.164406,0.007495,2.0,0.0,2.0,0,0
1123,1124,2,1.637819,14.992402,0.005895,2.0,0.0,2.0,0,0
1124,1125,2,1.3236080000000001,12.822269,0.007872,2.0,0.0,1.0,0,1
1125,1126,2,1.786171,10.475782,0.005888,2.0,0.0,1.0,0,1
1126,1127,2,1.328918,9.332998,0.005896,2.0,0.0,2.0,0,0
1127,1128,2,1.298433,9.298558,0.005865,2.0,0.0,1.0,1,0
1128,1129,2,1.329627,9.320785,0.005922,2.0,0.0,2.0,0,0
1129,1130,2,0.053532,9.361252,0.005943,0.0,0.0,1.0,1,0
1130,1131,2,1.320011,9.410472,0.005918,2.0,0.0,2.0,0,0
1131,1132,2,1.314874,9.362124,0.005835,2.0,0.0,2.0,0,0
1132,1133,2,1.30157,9.784723,0.013525,2.0,0.0,2.0,0,0
1133,1134,2,1.6264750000000001,12.074552,0.005891,1.0,0.0,1.0,1,0
1134,1135,2,1.582972,10.434064,0.00588,1.0,0.0,1.0,1,0
1135,1136,2,1.358215,9.404678,0.005819,1.0,0.0,1.0,1,0
1136,1137,2,1.335057,9.335284,0.005827,2.0,0.0,2.0,0,0
1137,1138,2,1.3349929999999999,9.281303,0.005846,2.0,0.0,2.0,0,0
1138,1139,2,1.308077,9.309479,0.005835,2.0,0.0,2.0,0,0
1139,1140,2,1.295078,9.352032,0.005827,2.0,0.0,2.0,0,0
1140,1141,2,0.052834,9.362989,0.005944,0.0,0.0,0,2,0
1141,1142,2,1.450375,12.187278,0.011986,1.0,0.0,0,2,0
1142,1143,2,1.570077,11.643403,0.005905,1.0,0.0,2.0,0,0
1143,1144,2,1.5452240000000002,12.125295,0.007252,1.0,0.0,1.0,1,0
1144,1145,2,1.548537,10.22132,0.005904,2.0,0.0,2.0,0,0
1145,1146,2,0.053126,9.318778,0.005871,0.0,0.0,0,1,1
1146,1147,2,1.295541,9.322264,0.005922,2.0,0.0,1.0,1,0
1147,1148,2,1.373597,9.365199,0.005943,2.0,0.0,1.0,1,0
1148,1149,2,1.330326,9.407807,0.005928,1.0,0.0,1.0,0,1
1149,1150,2,1.355018,9.390294,0.007194,1.0,0.0,1.0,1,0
1150,1151,2,1.316148,9.337571,0.005923,2.0,0.0,2.0,0,0
1151,1152,2,1.341788,9.421117,0.005939,2.0,0.0,2.0,0,0
1152,1153,2,1.505516,9.342769,0.00594,1.0,0.0,1.0,1,0
1153,1154,2,1.299816,9.362854,0.005953,2.0,0.0,2.0,0,0
1154,1155,2,0.053845,9.354946,0.005958,0.0,0.0,0,2,0
1155,1156,2,1.313225,9.421393,0.005931,2.0,0.0,2.0,0,0
1156,1157,2,1.35995,9.366052,0.005915,1.0,0.0,1.0,0,1
1157,1158,2,1.322554,9.3509,0.005992,1.0,0.0,1.0,1,0
1158,1159,2,1.328224,9.353145,0.005924,2.0,0.0,2.0,0,0
1159,1160,2,1.318466,9.467117,0.005829,2.0,0.0,2.0,0,0
1160,1161,2,1.510266,9.52213,0.00597,1.0,0.0,0,0,2
1161,1162,2,1.435558,9.53807,0.005952,2.0,0.0,1.0,0,1
1162,1163,2,0.054307,9.411832,0.005869,0.0,0.0,0,1,1
1163,1164,2,0.053408,9.733593,0.007096,0.0,0.0,0,1,1
1164,1165,2,1.4679229999999999,9.364907,0.00589,1.0,0.0,1.0,1,0
1165,1166,2,1.352816,9.347146,0.005878,2.0,0.0,2.0,0,0
1166,1167,2,1.335862,9.29754,0.005834,1.0,0.0,1.0,0,1
1167,1168,2,1.353523,9.301288,0.005863,1.0,0.0,1.0,1,0
1168,1169,2,1.343542,9.353571,0.005891,2.0,0.0,2.0,0,0
1169,1170,2,1.32608,9.43172,0.006712,1.0,0.0,1.0,1,0
1170,1171,2,1.329963,9.324102,0.00588,2.0,0.0,1.0,0,1
1171,1172,2,1.294839,9.312121,0.005904,2.0,0.0,2.0,0,0
1172,1173,2,1.296544,9.28104,0.006007,2.0,0.0,2.0,0,0
1173,1174,2,0.053634,9.404905,0.005952,0.0,0.0,1.0,1,0
1174,1175,2,1.354148,9.368422,0.005931,2.0,0.0,2.0,0,0
1175,1176,2,1.3422749999999999,9.316136,0.005938,1.0,0.0,1.0,0,1
1176,1177,2,1.336147,9.391599,0.005873,1.0,0.0,2.0,0,0
1177,1178,2,1.3979599999999999,9.371868,0.005954,1.0,0.0,1.0,1,0
1178,1179,2,1.38746,9.364909,0.00595,1.0,0.0,1.0,0,1
1179,1180,2,1.334105,9.323867,0.005888,1.0,0.0,1.0,0,1
1180,1181,2,1.309584,9.277146,0.005855,2.0,0.0,2.0,0,0
1181,1182,2,0.053022,9.274971,0.005876,0.0,0.0,0,2,0
1182,1183,2,1.308858,9.273356,0.005875,1.0,0.0,1.0,0,1
1183,1184,2,1.2956050000000001,9.285848,0.005832,2.0,0.0,1.0,0,1
1184,1185,2,0.052973,9.331937,0.005807,0.0,0.0,0,2,0
1185,1186,2,1.341539,9.282142,0.005871,1.0,0.0,1.0,1,0
1186,1187,2,1.332826,9.37107,0.005858,2.0,0.0,2.0,0,0
1187,1188,2,1.315739,9.294582,0.005837,1.0,0.0,1.0,1,0
1188,1189,2,1.296991,9.424312,0.006364,2.0,0.0,2.0,0,0
1189,1190,2,1.347874,9.56756,0.007217,2.0,0.0,2.0,0,0
1190,1191,2,1.444564,9.544435,0.005889,2.0,0.0,2.0,0,0
1191,1192,2,1.375313,9.418547,0.005835,2.0,0.0,2.0,0,0
1192,1193,2,1.3830149999999999,9.343172,0.005937,1.0,0.0,0,0,2
1193,1194,2,1.364801,9.463751,0.005919,1.0,0.0,1.0,1,0
1194,1195,2,1.339397,9.40347,0.005919,2.0,0.0,2.0,0,0
1195,1196,2,1.3857840000000001,9.468512,0.0059,1.0,0.0,1.0,1,0
1196,1197,2,1.351432,9.351515,0.005876,1.0,0.0,1.0,0,1
1197,1198,2,1.385703,9.359398,0.005897,2.0,0.0,2.0,0,0
1198,1199,2,1.323391,9.429046,0.005949,2.0,0.0,2.0,0,0
1199,1200,2,1.35558,9.392229,0.006071,2.0,0.0,2.0,0,0
1200,1201,2,1.349691,9.357282,0.006954,2.0,0.0,2.0,0,0
1201,1202,2,1.44002,9.46261,0.005941,1.0,0.0,1.0,0,1
1202,1203,2,1.340412,9.453619,0.005839,2.0,0.0,2.0,0,0
1203,1204,2,1.340849,9.361375,0.005966,1.0,0.0,1.0,1,0
1204,1205,2,0.061322,9.364771,0.005912,0.0,0.0,0,2,0
1205,1206,2,1.355026,9.420269,0.005905,1.0,0.0,1.0,1,0
1206,1207,2,1.359199,9.354171000000001,0.005928,2.0,0.0,2.0,0,0
1207,1208,2,1.3432089999999999,9.435232,0.007205,1.0,0.0,1.0,1,0
1208,1209,2,1.3534519999999999,9.337222,0.005907,2.0,0.0,2.0,0,0
1209,1210,2,1.358075,9.346476,0.005825,2.0,0.0,2.0,0,0
1210,1211,2,1.30158,9.361557,0.005864,2.0,0.0,2.0,0,0
1211,1212,2,1.333425,9.303156,0.005826,2.0,0.0,2.0,0,0
1212,1213,2,1.326205,9.353013,0.005859,2.0,0.0,1.0,0,1
1213,1214,2,1.314416,9.288455,0.005829,2.0,0.0,2.0,0,0
1214,1215,2,1.321358,9.284787,0.005858,1.0,0.0,1.0,1,0
1215,1216,2,1.317868,9.295774,0.005828,2.0,0.0,1.0,0,1
1216,1217,2,1.322288,9.312434,0.005869,2.0,0.0,2.0,0,0
1217,1218,2,1.361248,9.387214,0.005858,2.0,0.0,2.0,0,0
1218,1219,2,1.30673,9.31098,0.005906,2.0,0.0,1.0,0,1
1219,1220,2,1.339443,9.28124,0.005884,2.0,0.0,2.0,0,0
1220,1221,2,1.313548,9.265574,0.00585,2.0,0.0,2.0,0,0
1221,1222,2,1.3187090000000001,9.285959,0.005802,2.0,0.0,1.0,1,0
1222,1223,2,1.346431,9.347551,0.005851,2.0,0.0,1.0,1,0
1223,1224,2,1.3608799999999999,9.345855,0.005995,1.0,0.0,1.0,1,0
1224,1225,2,0.065394,9.54491,0.006136,0.0,0.0,1.0,1,0
1225,1226,2,1.491129,14.77903,0.007486,2.0,0.0,0,0,2
1226,1227,2,0.066504,14.569554,0.005877,0.0,0.0,0,2,0
1227,1228,2,1.338115,9.291628,0.005835,2.0,0.0,2.0,0,0
1228,1229,2,1.3458459999999999,9.337393,0.005847,1.0,0.0,0,1,1
1229,1230,2,0.052508,9.324642,0.005851,0.0,0.0,0,1,1
1230,1231,2,0.052846,9.34365,0.00585,0.0,0.0,0,1,1
1231,1232,2,1.499903,9.428321,0.007207,2.0,0.0,1.0,0,1
1232,1233,2,1.337776,9.462755,0.005884,2.0,0.0,2.0,0,0
1233,1234,2,1.308964,9.308578,0.005853,1.0,0.0,1.0,1,0
1234,1235,2,1.3184230000000001,10.114053,0.00586,1.0,0.0,1.0,1,0
1235,1236,2,0.053386,10.053547,0.00595,0.0,0.0,0,1,1
1236,1237,2,0.052648,9.343766,0.005837,0.0,0.0,0,2,0
1237,1238,2,1.34417,9.350754,0.005881,1.0,0.0,1.0,0,1
1238,1239,2,1.384787,9.42834,0.006752,2.0,0.0,2.0,0,0
1239,1240,2,1.420054,9.38207,0.005846,2.0,0.0,2.0,0,0
1240,1241,2,1.346178,9.357986,0.007147,2.0,0.0,2.0,0,0
1241,1242,2,1.356818,9.533212,0.007205,1.0,0.0,1.0,1,0
1242,1243,2,1.347941,9.31632,0.005948,2.0,0.0,2.0,0,0
1243,1244,2,1.314299,9.394201,0.005957,2.0,0.0,2.0,0,0
1244,1245,2,1.31414,9.549265,0.005928,2.0,0.0,2.0,0,0
1245,1246,2,1.435791,9.348026,0.005928,2.0,0.0,2.0,0,0
1246,1247,2,1.337677,9.379419,0.005931,1.0,0.0,0,1,1
1247,1248,2,1.37565,9.481593,0.005871,2.0,0.0,0,2,0
1248,1249,2,1.337479,9.511927,0.007171,2.0,0.0,2.0,0,0
1249,1250,2,1.342805,9.350219,0.005915,1.0,0.0,1.0,0,1
1250,1251,2,1.370271,9.480511,0.005915,2.0,0.0,2.0,0,0
1251,1252,2,1.362803,9.441205,0.005881,2.0,0.0,2.0,0,0
1252,1253,2,1.3575490000000001,9.410007,0.005813,1.0,0.0,1.0,1,0
1253,1254,2,1.328508,9.375777,0.00581,2.0,0.0,2.0,0,0
1254,1255,2,1.332959,9.366753,0.007156,2.0,0.0,2.0,0,0
1255,1256,2,1.347899,9.473152,0.006133,1.0,0.0,1.0,0,1
1256,1257,2,0.055142,9.686822,0.007198,0.0,0.0,0,2,0
1257,1258,2,1.3860649999999999,9.684955,0.007162,1.0,0.0,0,2,0
1258,1259,2,1.386517,9.506709,0.006027,2.0,0.0,1.0,1,0
1259,1260,2,0.060675,9.401487,0.005875,0.0,0.0,0,1,1
1260,1261,2,1.318891,9.539522,0.006414,2.0,0.0,1.0,1,0
1261,1262,2,1.415069,9.716614,0.007902,2.0,0.0,0,0,2
1262,1263,2,1.4669050000000001,9.960368,0.007875,2.0,0.0,1.0,1,0
1263,1264,2,1.450015,9.892754,0.007273,2.0,0.0,2.0,0,0
1264,1265,2,1.42878,9.887841,0.007233,1.0,0.0,1.0,1,0
1265,1266,2,1.434815,9.900148,0.007236,1.0,0.0,1.0,1,0
1266,1267,2,0.066642,9.887322,0.007236,0.0,0.0,0,2,0
1267,1268,2,0.066631,9.895134,0.007244,0.0,0.0,0,2,0
1268,1269,2,1.4284970000000001,9.898047,0.007234,2.0,0.0,1.0,0,1
1269,1270,2,1.419932,9.900271,0.007254,2.0,0.0,1.0,1,0
1270,1271,2,1.420642,9.922013,0.007337,2.0,0.0,2.0,0,0
1271,1272,2,1.44603,9.907714,0.007232,1.0,0.0,1.0,1,0
1272,1273,2,1.423033,9.937463,0.007154,1.0,0.0,0,2,0
1273,1274,2,1.350112,9.702655,0.007251,2.0,0.0,2.0,0,0
1274,1275,2,1.43886,9.906753,0.007162,2.0,0.0,2.0,0,0
1275,1276,2,1.512529,9.931493,0.007274,2.0,0.0,2.0,0,0
1276,1277,2,1.4246940000000001,9.876922,0.007767,2.0,0.0,2.0,0,0
1277,1278,2,1.468419,9.908075,0.007333,1.0,0.0,1.0,1,0
1278,1279,2,1.430181,9.944184,0.007511,2.0,0.0,2.0,0,0
1279,1280,2,1.485583,9.928044,0.007511,2.0,0.0,2.0,0,0
1280,1281,2,1.4769,9.954056,0.007488,2.0,0.0,2.0,0,0
1281,1282,2,1.496187,9.933487,0.007425,2.0,0.0,2.0,0,0
1282,1283,2,1.485361,9.954806,0.007536,1.0,0.0,1.0,1,0
1283,1284,2,1.472256,9.578527,0.005795,2.0,0.0,1.0,1,0
1284,1285,2,1.311437,9.284707,0.00582,1.0,0.0,1.0,1,0
1285,1286,2,1.3164609999999999,11.870429,0.006732,1.0,0.0,1.0,1,0
1286,1287,2,1.52997,15.474814,0.0061,2.0,0.0,1.0,1,0
1287,1288,2,0.064511,11.359929,0.005851,0.0,0.0,0,2,0
1288,1289,2,1.456858,9.477173,0.006214,1.0,0.0,1.0,1,0
1289,1290,2,1.378956,12.68013,0.005882,2.0,0.0,1.0,1,0
1290,1291,2,1.3215759999999999,12.51038,0.007287,2.0,0.0,2.0,0,0
1291,1292,2,1.369836,9.372684,0.005896,1.0,0.0,0,2,0
1292,1293,2,0.05333,9.343099,0.005937,0.0,0.0,0,1,1
1293,1294,2,1.7824529999999998,9.539307,0.005836,2.0,0.0,2.0,0,0
1294,1295,2,0.053318,9.334419,0.00585,0.0,0.0,0,1,1
1295,1296,2,1.344127,9.364229,0.005876,2.0,0.0,2.0,0,0
1296,1297,2,1.345561,9.339633,0.005865,2.0,0.0,1.0,1,0
1297,1298,2,1.3880460000000001,9.314858,0.005831,1.0,0.0,0,2,0
1298,1299,2,1.32399,9.34133,0.007156,1.0,0.0,0,2,0
1299,1300,2,0.060046,9.34514,0.00588,0.0,0.0,0,2,0
1300,1301,2,1.339394,9.407005999999999,0.007168,1.0,0.0,2.0,0,0
1301,1302,2,0.066001,9.452749,0.005836,0.0,0.0,0,1,1
1302,1303,2,1.398483,9.38715,0.005872,1.0,0.0,1.0,1,0
1303,1304,2,1.3033109999999999,9.305486,0.005831,2.0,0.0,2.0,0,0
1304,1305,2,1.363234,9.447845,0.005917,1.0,0.0,1.0,1,0
1305,1306,2,1.374012,9.358445,0.006011,2.0,0.0,2.0,0,0
1306,1307,2,1.315021,9.33133,0.00598,2.0,0.0,0,2,0
1307,1308,2,1.344571,9.355203,0.005924,2.0,0.0,2.0,0,0
1308,1309,2,1.351027,9.387443,0.005903,1.0,0.0,1.0,0,1
1309,1310,2,1.350565,9.39943,0.005881,2.0,0.0,2.0,0,0
1310,1311,2,1.325305,9.352461,0.005935,2.0,0.0,1.0,1,0
1311,1312,2,0.054265,9.327934,0.005919,0.0,0.0,0,2,0
1312,1313,2,1.34274,9.326272,0.005914,1.0,0.0,1.0,1,0
1313,1314,2,1.345551,9.336789,0.006038,1.0,0.0,0,1,1
1314,1315,2,0.054388,9.370756,0.005925,0.0,0.0,0,1,1
1315,1316,2,0.054377,9.379063,0.005881,0.0,0.0,0,1,1
1316,1317,2,1.372824,9.444283,0.00654,1.0,0.0,1.0,0,1
1317,1318,2,1.422996,9.376179,0.006023,1.0,0.0,1.0,1,0
1318,1319,2,1.325907,9.310822,0.005929,2.0,0.0,1.0,1,0
1319,1320,2,1.331849,9.323891,0.005894,2.0,0.0,2.0,0,0
1320,1321,2,0.053866,9.34213,0.005994,0.0,0.0,0,2,0
1321,1322,2,1.360039,9.364461,0.006083,1.0,0.0,2.0,0,0
1322,1323,2,1.390947,9.399879,0.005857,2.0,0.0,2.0,0,0
1323,1324,2,1.330141,9.392586,0.005847,2.0,0.0,2.0,0,0
1324,1325,2,1.340566,9.423688,0.007083,2.0,0.0,2.0,0,0
1325,1326,2,1.530326,9.580136,0.005855,2.0,0.0,2.0,0,0
1326,1327,2,1.353867,9.354157,0.005821,1.0,0.0,0,2,0
1327,1328,2,1.363915,9.477772,0.005977,1.0,0.0,1.0,1,0
1328,1329,2,1.366409,9.511447,0.005883,1.0,0.0,1.0,1,0
1329,1330,2,1.346183,9.363253,0.005869,2.0,0.0,2.0,0,0
1330,1331,2,1.360425,9.458973,0.005887,1.0,0.0,1.0,1,0
1331,1332,2,1.368184,9.409666,0.00587,1.0,0.0,1.0,1,0
1332,1333,2,1.369449,9.384109,0.005901,2.0,0.0,1.0,1,0
1333,1334,2,1.340991,9.410995,0.006066,2.0,0.0,2.0,0,0
1334,1335,2,1.329406,9.2992,0.005877,1.0,0.0,1.0,0,1
1335,1336,2,1.322573,9.33302,0.005889,1.0,0.0,1.0,1,0
1336,1337,2,1.332762,9.272864,0.005888,1.0,0.0,2.0,0,0
1337,1338,2,1.353429,9.384987,0.005837,2.0,0.0,1.0,0,1
1338,1339,2,1.337275,9.370579,0.005892,2.0,0.0,2.0,0,0
1339,1340,2,1.336765,9.368301,0.005934,2.0,0.0,0,2,0
1340,1341,2,1.36507,9.359543,0.005968,1.0,0.0,1.0,1,0
1341,1342,2,0.061619,9.347525,0.005846,0.0,0.0,0,1,1
1342,1343,2,1.3703319999999999,9.31482,0.00587,1.0,0.0,1.0,1,0
1343,1344,2,1.308343,9.324828,0.005867,2.0,0.0,2.0,0,0
1344,1345,2,1.318289,9.765558,0.005969,2.0,0.0,2.0,0,0
1345,1346,2,1.516802,9.5304,0.005893,2.0,0.0,2.0,0,0
1346,1347,2,1.482477,9.384725,0.005898,2.0,0.0,1.0,1,0
1347,1348,2,1.308635,9.32973,0.006015,2.0,0.0,2.0,0,0
1348,1349,2,1.33166,9.345691,0.005899,1.0,0.0,0,2,0
1349,1350,2,1.346844,9.321834,0.005898,1.0,0.0,1.0,1,0
1350,1351,2,1.350975,9.338377,0.005909,1.0,0.0,1.0,0,1
1351,1352,2,1.3277649999999999,9.419799,0.005891,2.0,0.0,1.0,0,1
1352,1353,2,1.358663,9.358896,0.005876,1.0,0.0,1.0,1,0
1353,1354,2,1.3413059999999999,9.346869,0.005907,2.0,0.0,1.0,1,0
1354,1355,2,1.310851,9.309921,0.005878,1.0,0.0,0,2,0
1355,1356,2,1.299374,9.334817,0.005864,2.0,0.0,2.0,0,0
1356,1357,2,1.348362,9.329106,0.00593,2.0,0.0,2.0,0,0
1357,1358,2,1.319154,9.303476,0.005866,2.0,0.0,2.0,0,0
1358,1359,2,1.323817,9.330291,0.005986,2.0,0.0,2.0,0,0
1359,1360,2,1.3383099999999999,9.377494,0.00583,2.0,0.0,2.0,0,0
1360,1361,2,1.346015,9.329815,0.005878,2.0,0.0,2.0,0,0
1361,1362,2,1.380866,9.395974,0.005855,1.0,0.0,1.0,1,0
1362,1363,2,1.38792,9.410457,0.005953,1.0,0.0,1.0,1,0
1363,1364,2,1.4259249999999999,9.391653,0.006121,1.0,0.0,1.0,1,0
1364,1365,2,1.350848,9.310589,0.005954,2.0,0.0,2.0,0,0
1365,1366,2,1.3244099999999999,9.35737,0.005925,2.0,0.0,2.0,0,0
1366,1367,2,1.340369,9.362234,0.005942,2.0,0.0,2.0,0,0
1367,1368,2,1.330651,9.342945,0.005944,2.0,0.0,2.0,0,0
1368,1369,2,1.329939,9.318787,0.005975,1.0,0.0,0,1,1
1369,1370,2,1.328279,9.431906,0.006089,1.0,0.0,1.0,0,1
1370,1371,2,1.391144,9.540972,0.005878,2.0,0.0,2.0,0,0
1371,1372,2,1.382223,9.493824,0.005884,1.0,0.0,0,2,0
1372,1373,2,1.355415,9.487941,0.005953,2.0,0.0,2.0,0,0
1373,1374,2,1.35768,9.448996,0.005938,2.0,0.0,2.0,0,0
1374,1375,2,1.354849,9.350814,0.005912,1.0,0.0,0,2,0
1375,1376,2,0.054352,9.50394,0.005935,0.0,0.0,0,2,0
1376,1377,2,1.340304,9.398036,0.005908,2.0,0.0,1.0,1,0
1377,1378,2,1.365044,9.42882,0.005969,1.0,0.0,1.0,0,1
1378,1379,2,1.355202,9.320363,0.005846,2.0,0.0,2.0,0,0
1379,1380,2,1.303225,9.28149,0.005872,2.0,0.0,1.0,1,0
1380,1381,2,1.3179159999999999,9.318702,0.005858,1.0,0.0,0,1,1
1381,1382,2,1.341833,9.336665,0.005835,1.0,0.0,0,2,0
1382,1383,2,0.054071,9.322657,0.005835,0.0,0.0,1.0,1,0
1383,1384,2,1.3307120000000001,9.292785,0.005874,2.0,0.0,2.0,0,0
1384,1385,2,1.31516,9.365965,0.005958,1.0,0.0,1.0,1,0
1385,1386,2,1.3310469999999999,9.335586,0.005886,1.0,0.0,2.0,0,0
1386,1387,2,1.394834,9.421024,0.005845,2.0,0.0,2.0,0,0
1387,1388,2,1.343725,9.330192,0.005902,2.0,0.0,2.0,0,0
1388,1389,2,1.34439,9.340692,0.005849,2.0,0.0,2.0,0,0
1389,1390,2,1.3036159999999999,9.388083,0.007196,2.0,0.0,1.0,1,0
1390,1391,2,1.493921,9.427579,0.005918,1.0,0.0,1.0,1,0
1391,1392,2,1.357951,9.304946,0.005846,2.0,0.0,1.0,0,1
1392,1393,2,1.299897,9.326145,0.00585,2.0,0.0,2.0,0,0
1393,1394,2,1.30432,9.343262,0.005825,2.0,0.0,2.0,0,0
1394,1395,2,1.294878,9.340606,0.007143,2.0,0.0,2.0,0,0
1395,1396,2,1.540454,9.875778,0.007155,1.0,0.0,1.0,1,0
1396,1397,2,1.557466,9.593437,0.005951,1.0,0.0,1.0,1,0
1397,1398,2,1.360147,9.39776,0.00596,1.0,0.0,1.0,1,0
1398,1399,2,1.377624,9.335766,0.005914,1.0,0.0,1.0,1,0
1399,1400,2,1.400485,9.370964,0.005849,1.0,0.0,1.0,1,0
1400,1401,2,1.344706,9.338895,0.005819,2.0,0.0,2.0,0,0
1401,1402,2,1.344738,9.288766,0.005884,1.0,0.0,0,2,0
1402,1403,2,0.053246,9.330976,0.005844,0.0,0.0,0,2,0
1403,1404,2,1.338431,9.40832,0.007489,1.0,0.0,1.0,0,1
1404,1405,2,1.3082880000000001,9.270413,0.005884,1.0,0.0,1.0,1,0
1405,1406,2,1.311798,9.323837,0.005839,1.0,0.0,1.0,1,0
1406,1407,2,1.303472,9.361979,0.005887,2.0,0.0,1.0,0,1
1407,1408,2,1.422949,9.39284,0.005867,2.0,0.0,2.0,0,0
1408,1409,2,0.053519,9.392746,0.00582,0.0,0.0,0,2,0
1409,1410,2,1.359458,9.433267,0.005864,1.0,0.0,1.0,1,0
1410,1411,2,1.396802,9.341882,0.007252,1.0,0.0,1.0,1,0
1411,1412,2,1.366889,9.376407,0.005989,2.0,0.0,1.0,0,1
1412,1413,2,1.33555,9.358655,0.007146,1.0,0.0,1.0,1,0
1413,1414,2,1.4089369999999999,9.386249,0.005934,2.0,0.0,1.0,1,0
1414,1415,2,1.355796,9.385488,0.005876,2.0,0.0,2.0,0,0
1415,1416,2,1.385021,9.359949,0.00639,1.0,0.0,1.0,1,0
1416,1417,2,1.333322,9.38883,0.005886,2.0,0.0,2.0,0,0
1417,1418,2,1.369188,9.40845,0.005861,1.0,0.0,1.0,1,0
1418,1419,2,1.3331089999999999,9.378083,0.0059,2.0,0.0,2.0,0,0
1419,1420,2,1.339705,9.372154,0.005868,2.0,0.0,2.0,0,0
1420,1421,2,1.4341059999999999,9.503638,0.006069,2.0,0.0,2.0,0,0
1421,1422,2,1.503847,9.385945,0.005859,2.0,0.0,2.0,0,0
1422,1423,2,1.303162,9.498397,0.005875,2.0,0.0,2.0,0,0
1423,1424,2,1.3492739999999999,9.373426,0.005844,2.0,0.0,2.0,0,0
1424,1425,2,1.3564880000000001,9.296939,0.005946,2.0,0.0,2.0,0,0
1425,1426,2,1.312494,9.368783,0.005957,2.0,0.0,1.0,1,0
1426,1427,2,1.356572,9.392731,0.005903,2.0,0.0,2.0,0,0
1427,1428,2,1.342178,9.352716,0.005858,1.0,0.0,1.0,1,0
1428,1429,2,1.336151,9.280619,0.005861,2.0,0.0,2.0,0,0
1429,1430,2,1.321938,9.287431,0.005924,1.0,0.0,1.0,0,1
1430,1431,2,1.359295,9.339644,0.005893,2.0,0.0,2.0,0,0
1431,1432,2,1.377017,9.373665,0.005845,2.0,0.0,1.0,1,0
1432,1433,2,1.345903,9.474366,0.007177,2.0,0.0,2.0,0,0
1433,1434,2,1.403009,9.357852,0.005828,1.0,0.0,1.0,1,0
1434,1435,2,1.335408,9.340555,0.005842,2.0,0.0,2.0,0,0
1435,1436,2,1.335199,9.344536,0.005905,2.0,0.0,2.0,0,0
1436,1437,2,1.342164,9.360716,0.005971,1.0,0.0,1.0,1,0
1437,1438,2,1.339226,9.387181,0.005935,2.0,0.0,2.0,0,0
1438,1439,2,1.324424,9.330219,0.005887,2.0,0.0,2.0,0,0
1439,1440,2,1.3489499999999999,9.384616,0.005881,1.0,0.0,1.0,1,0
1440,1441,2,1.31111,9.34331,0.005847,1.0,0.0,0,1,1
1441,1442,2,1.327401,9.300558,0.005856,2.0,0.0,2.0,0,0
1442,1443,2,1.346471,9.28612,0.005883,2.0,0.0,2.0,0,0
1443,1444,2,1.347259,9.322716,0.005853,2.0,0.0,2.0,0,0
1444,1445,2,1.309209,9.292106,0.005871,2.0,0.0,2.0,0,0
1445,1446,2,1.330479,9.30396,0.005856,1.0,0.0,1.0,0,1
1446,1447,2,1.33683,9.317123,0.005822,1.0,0.0,1.0,1,0
1447,1448,2,1.350924,9.332772,0.007199,1.0,0.0,1.0,1,0
1448,1449,2,1.348651,9.328202,0.005827,1.0,0.0,1.0,0,1
1449,1450,2,1.31117,9.266305,0.005881,1.0,0.0,1.0,0,1
1450,1451,2,0.05591,9.270584,0.005877,0.0,0.0,0,1,1
1451,1452,2,1.314997,9.272269,0.005866,1.0,0.0,1.0,1,0
1452,1453,2,1.311183,9.277611,0.005852,2.0,0.0,2.0,0,0
1453,1454,2,1.345456,9.390118,0.007158,1.0,0.0,1.0,1,0
1454,1455,2,1.359853,9.349818,0.005832,1.0,0.0,1.0,1,0
1455,1456,2,1.349998,9.321331,0.005859,1.0,0.0,1.0,1,0
1456,1457,2,1.335779,9.363511,0.005831,2.0,0.0,2.0,0,0
1457,1458,2,1.325362,9.349839,0.007208,1.0,0.0,1.0,1,0
1458,1459,2,1.4237060000000001,9.38434,0.005927,2.0,0.0,2.0,0,0
1459,1460,2,1.3519510000000001,9.339711,0.005948,2.0,0.0,2.0,0,0
1460,1461,2,1.323209,9.349884,0.006015,2.0,0.0,2.0,0,0
1461,1462,2,1.33627,9.330351,0.006382,1.0,0.0,1.0,0,1
1462,1463,2,1.345808,9.395416,0.005936,2.0,0.0,2.0,0,0
1463,1464,2,1.355236,9.322882,0.005909,1.0,0.0,1.0,1,0
1464,1465,2,1.318039,9.332426,0.005941,2.0,0.0,2.0,0,0
1465,1466,2,1.348624,9.473693,0.006059,2.0,0.0,2.0,0,0
1466,1467,2,1.351159,9.406922,0.007164,2.0,0.0,1.0,0,1
1467,1468,2,1.3402370000000001,9.318488,0.005935,1.0,0.0,2.0,0,0
1468,1469,2,1.312319,9.348654,0.005824,2.0,0.0,2.0,0,0
1469,1470,2,0.053614,9.289077,0.005873,0.0,0.0,0,1,1
1470,1471,2,1.326633,9.316967,0.005856,2.0,0.0,1.0,0,1
1471,1472,2,1.339571,9.331391,0.00586,1.0,0.0,1.0,1,0
1472,1473,2,0.052998,9.30638,0.005857,0.0,0.0,1.0,1,0
1473,1474,2,1.319443,9.326722,0.005851,1.0,0.0,0,0,2
1474,1475,2,0.05288,9.338359,0.005839,0.0,0.0,0,2,0
1475,1476,2,0.054053,9.475176,0.005889,0.0,0.0,0,1,1
1476,1477,2,1.3187039999999999,9.343084,0.005907,2.0,0.0,2.0,0,0
1477,1478,2,1.343963,9.313227,0.005887,2.0,0.0,1.0,0,1
1478,1479,2,1.333559,9.340331,0.005878,2.0,0.0,2.0,0,0
1479,1480,2,1.46231,9.392788,0.007161,2.0,0.0,2.0,0,0
1480,1481,2,1.359272,9.335086,0.005858,2.0,0.0,2.0,0,0
1481,1482,2,1.369223,9.39217,0.005853,1.0,0.0,1.0,1,0
1482,1483,2,1.36836,9.365168,0.005844,1.0,0.0,1.0,0,1
1483,1484,2,0.053015,9.342537,0.005862,0.0,0.0,0,2,0
1484,1485,2,1.307205,9.349012,0.005872,2.0,0.0,1.0,1,0
1485,1486,2,1.310727,9.296567,0.006564,2.0,0.0,2.0,0,0
1486,1487,2,1.340545,9.305395,0.005926,1.0,0.0,1.0,1,0
1487,1488,2,1.35789,9.334436,0.005867,2.0,0.0,1.0,1,0
1488,1489,2,1.3175379999999999,9.378421,0.007158,2.0,0.0,1.0,1,0
1489,1490,2,1.3724560000000001,9.41176,0.005961,2.0,0.0,2.0,0,0
1490,1491,2,1.327822,9.337225,0.007209,2.0,0.0,1.0,1,0
1491,1492,2,1.370017,9.394595,0.005857,1.0,0.0,2.0,0,0
1492,1493,2,0.053141,9.386554,0.009188,0.0,0.0,0,2,0
1493,1494,2,1.3305799999999999,9.296542,0.005839,1.0,0.0,1.0,1,0
1494,1495,2,1.303531,9.278844,0.005897,2.0,0.0,2.0,0,0
1495,1496,2,1.307662,9.389505,0.005934,1.0,0.0,1.0,1,0
1496,1497,2,1.339733,9.304065,0.005856,2.0,0.0,2.0,0,0
1497,1498,2,1.298609,9.377077,0.005868,2.0,0.0,2.0,0,0
1498,1499,2,1.3274599999999999,9.312488,0.005907,2.0,0.0,1.0,0,1
1499,1500,2,1.318231,9.321511,0.005832,2.0,0.0,2.0,0,0
1500,1501,2,1.353699,9.310926,0.005932,2.0,0.0,1.0,1,0
1501,1502,2,1.324502,9.311435,0.005902,2.0,0.0,1.0,1,0
1502,1503,2,1.3148,9.281942,0.006069,2.0,0.0,1.0,1,0
1503,1504,2,1.327029,9.287328,0.005848,1.0,0.0,1.0,1,0
1504,1505,2,1.31558,9.310355,0.00591,1.0,0.0,1.0,1,0
1505,1506,2,1.304503,9.300577,0.005888,2.0,0.0,2.0,0,0
1506,1507,2,1.337016,9.438414,0.005869,2.0,0.0,1.0,1,0
1507,1508,2,1.376041,9.351866,0.005907,1.0,0.0,1.0,1,0
1508,1509,2,1.363636,9.319205,0.005918,2.0,0.0,2.0,0,0
1509,1510,2,1.318524,9.354079,0.005848,2.0,0.0,1.0,1,0
1510,1511,2,1.377105,9.386523,0.005924,1.0,0.0,1.0,1,0
1511,1512,2,1.350231,9.353685,0.007162,2.0,0.0,0,1,1
1512,1513,2,1.360242,9.381262,0.010618,2.0,0.0,0,1,1
1513,1514,2,1.349719,9.384015,0.005884,2.0,0.0,2.0,0,0
1514,1515,2,1.349704,9.303688,0.005887,1.0,0.0,2.0,0,0
1515,1516,2,0.053347,9.332948,0.006149,0.0,0.0,1.0,0,1
1516,1517,2,1.344433,9.369047,0.005899,1.0,0.0,1.0,1,0
1517,1518,2,1.372448,9.314215,0.005901,2.0,0.0,0,1,1
1518,1519,2,1.320354,9.321252,0.005866,2.0,0.0,2.0,0,0
1519,1520,2,1.304394,9.369774,0.005877,2.0,0.0,1.0,1,0
1520,1521,2,1.3230520000000001,9.327292,0.005868,1.0,0.0,1.0,0,1
1521,1522,2,1.321232,9.370888,0.006607,2.0,0.0,1.0,1,0
1522,1523,2,0.053038,9.296963,0.005844,0.0,0.0,0,0,2
1523,1524,2,1.30752,9.305098,0.00599,2.0,0.0,2.0,0,0
1524,1525,2,1.300869,9.390533,0.005905,2.0,0.0,2.0,0,0
1525,1526,2,1.344298,9.343677,0.005933,2.0,0.0,2.0,0,0
1526,1527,2,1.350664,9.453198,0.007128,2.0,0.0,2.0,0,0
1527,1528,2,1.343595,9.422718,0.005888,2.0,0.0,2.0,0,0
1528,1529,2,1.3256649999999999,9.275497,0.005857,2.0,0.0,2.0,0,0
1529,1530,2,1.302269,9.294144,0.005887,2.0,0.0,2.0,0,0
1530,1531,2,1.342228,9.584412,0.0072,2.0,0.0,0,1,1
1531,1532,2,1.695557,9.457911,0.005963,1.0,0.0,1.0,0,1
1532,1533,2,1.362167,9.345289,0.005913,1.0,0.0,1.0,1,0
1533,1534,2,1.323407,9.317607,0.005929,1.0,0.0,1.0,0,1
1534,1535,2,0.053531,9.329746,0.005929,0.0,0.0,0,2,0
1535,1536,2,1.337837,9.328021,0.005937,1.0,0.0,1.0,1,0
1536,1537,2,1.318316,9.313877,0.005888,2.0,0.0,2.0,0,0
1537,1538,2,1.353086,9.363656,0.005878,1.0,0.0,1.0,1,0
1538,1539,2,1.311757,9.311621,0.005815,2.0,0.0,0,2,0
1539,1540,2,1.296774,9.361274,0.006588,2.0,0.0,1.0,1,0
1540,1541,2,1.340806,9.313031,0.005867,1.0,0.0,0,2,0
1541,1542,2,1.347906,9.3034,0.005878,1.0,0.0,1.0,1,0
1542,1543,2,1.348308,9.296075,0.005861,1.0,0.0,1.0,1,0
1543,1544,2,1.2958020000000001,9.279522,0.005866,2.0,0.0,1.0,0,1
1544,1545,2,1.319065,9.353148000000001,0.005873,1.0,0.0,1.0,1,0
1545,1546,2,1.342387,9.378001,0.005852,2.0,0.0,1.0,1,0
1546,1547,2,1.379729,9.352972,0.005923,2.0,0.0,1.0,1,0
1547,1548,2,1.326413,9.372208,0.005863,1.0,0.0,1.0,1,0
1548,1549,2,1.331138,9.303863,0.005869,2.0,0.0,2.0,0,0
1549,1550,2,1.324847,9.350237,0.005853,2.0,0.0,1.0,0,1
1550,1551,2,1.304783,9.367615,0.010129,2.0,0.0,2.0,0,0
1551,1552,2,1.352649,9.337018,0.00586,1.0,0.0,1.0,1,0
1552,1553,2,1.36055,9.344157,0.005829,1.0,0.0,1.0,1,0
1553,1554,2,1.346315,9.3572,0.005857,2.0,0.0,2.0,0,0
1554,1555,2,0.060596,9.343792,0.005905,0.0,0.0,0,2,0
1555,1556,2,1.348165,9.365628,0.006094,1.0,0.0,1.0,1,0
1556,1557,2,1.329135,9.338031,0.005898,2.0,0.0,2.0,0,0
1557,1558,2,1.355813,9.389038,0.005899,2.0,0.0,2.0,0,0
1558,1559,2,1.368627,9.386358,0.005897,1.0,0.0,1.0,1,0
1559,1560,2,1.35758,9.345892,0.005836,2.0,0.0,1.0,1,0
1560,1561,2,1.308703,9.356569,0.00586,1.0,0.0,1.0,1,0
1561,1562,2,1.377958,9.604756,0.005883,1.0,0.0,0,1,1
1562,1563,2,1.376573,9.387763,0.005891,2.0,0.0,2.0,0,0
1563,1564,2,1.3053460000000001,9.282827,0.005894,2.0,0.0,2.0,0,0
1564,1565,2,1.316169,9.297386,0.005865,1.0,0.0,0,0,2
1565,1566,2,1.320992,9.415497,0.005826,1.0,0.0,1.0,1,0
1566,1567,2,1.34443,9.322684,0.005861,1.0,0.0,1.0,0,1
1567,1568,2,1.308709,9.340267,0.005915,1.0,0.0,1.0,1,0
1568,1569,2,1.354821,9.314485,0.005851,1.0,0.0,2.0,0,0
1569,1570,2,1.3328389999999999,9.328127,0.00735,2.0,0.0,2.0,0,0
1570,1571,2,0.065096,9.347095,0.005941,0.0,0.0,0,1,1
1571,1572,2,1.330044,9.307276,0.005874,2.0,0.0,2.0,0,0
1572,1573,2,1.323023,9.317672,0.007584,1.0,0.0,1.0,1,0
1573,1574,2,1.338635,9.310516,0.005886,2.0,0.0,1.0,0,1
1574,1575,2,1.32579,9.320926,0.005822,2.0,0.0,1.0,0,1
1575,1576,2,1.309806,9.311955,0.005901,1.0,0.0,1.0,1,0
1576,1577,2,1.3086,9.283098,0.005841,1.0,0.0,0,2,0
1577,1578,2,1.312414,9.293192,0.005878,1.0,0.0,1.0,1,0
1578,1579,2,1.3059180000000001,9.278855,0.005844,2.0,0.0,0,1,1
1579,1580,2,1.319148,9.281211,0.005885,1.0,0.0,1.0,1,0
1580,1581,2,1.294928,9.274593,0.005827,2.0,0.0,2.0,0,0
1581,1582,2,1.295757,9.362282,0.00589,2.0,0.0,2.0,0,0
1582,1583,2,1.3471009999999999,9.341206,0.005945,2.0,0.0,1.0,1,0
1583,1584,2,1.3169680000000001,9.377723,0.005912,2.0,0.0,1.0,0,1
1584,1585,2,1.351346,9.411571,0.005939,1.0,0.0,2.0,0,0
1585,1586,2,1.3465150000000001,9.373321,0.0059,1.0,0.0,1.0,1,0
1586,1587,2,1.387544,9.364317,0.005837,1.0,0.0,2.0,0,0
1587,1588,2,1.337227,9.346755,0.005824,2.0,0.0,1.0,1,0
1588,1589,2,1.29939,9.288795,0.005896,2.0,0.0,1.0,0,1
1589,1590,2,1.3506529999999999,9.291459,0.005866,2.0,0.0,2.0,0,0
1590,1591,2,1.2966389999999999,9.286766,0.007118,2.0,0.0,2.0,0,0
1591,1592,2,1.323328,9.33644,0.005871,2.0,0.0,2.0,0,0
1592,1593,2,1.297169,9.283583,0.005828,2.0,0.0,2.0,0,0
1593,1594,2,1.305434,9.306614,0.005861,2.0,0.0,2.0,0,0
1594,1595,2,1.351393,9.397709,0.005972,1.0,0.0,2.0,0,0
1595,1596,2,1.352279,9.4926,0.005908,1.0,0.0,1.0,1,0
1596,1597,2,1.431771,9.382513,0.006497,1.0,0.0,1.0,0,1
1597,1598,2,1.364104,9.406098,0.005848,1.0,0.0,0,1,1
1598,1599,2,1.308845,9.440182,0.006102,2.0,0.0,1.0,1,0
1599,1600,2,1.359575,9.318553,0.005856,1.0,0.0,1.0,0,1
1600,1601,2,1.331093,9.347019,0.005872,2.0,0.0,2.0,0,0
1601,1602,2,1.384077,9.355414,0.005877,1.0,0.0,1.0,1,0
1602,1603,2,1.343653,9.423497,0.005845,2.0,0.0,1.0,0,1
1603,1604,2,1.330239,9.469239,0.006022,2.0,0.0,2.0,0,0
1604,1605,2,0.053938,9.364013,0.005894,0.0,0.0,1.0,0,1
1605,1606,2,1.377817,9.467079,0.00595,2.0,0.0,2.0,0,0
1606,1607,2,1.403027,9.522214,0.006051,1.0,0.0,0,2,0
1607,1608,2,0.054154,9.516993,0.007138,0.0,0.0,0,2,0
1608,1609,2,1.3406850000000001,9.572587,0.009231,2.0,0.0,2.0,0,0
1609,1610,2,1.392895,9.333968,0.005879,2.0,0.0,2.0,0,0
1610,1611,2,1.379085,9.358015,0.005844,1.0,0.0,1.0,0,1
1611,1612,2,1.354327,9.398582,0.006083,2.0,0.0,2.0,0,0
1612,1613,2,1.370651,9.42934,0.005922,2.0,0.0,1.0,0,1
1613,1614,2,0.054233,9.50695,0.007182,0.0,0.0,0,1,1
1614,1615,2,0.064919,9.367358,0.005928,0.0,0.0,0,2,0
1615,1616,2,1.33493,9.414628,0.005834,2.0,0.0,2.0,0,0
1616,1617,2,1.314363,9.340697,0.005826,1.0,0.0,2.0,0,0
1617,1618,2,1.335509,9.318332999999999,0.005895,2.0,0.0,0,0,2
1618,1619,2,1.334713,9.299934,0.005853,1.0,0.0,0,2,0
1619,1620,2,1.3423669999999999,9.331721,0.00589,2.0,0.0,1.0,1,0
1620,1621,2,1.330343,9.352375,0.005885,2.0,0.0,2.0,0,0
1621,1622,2,1.3475030000000001,9.374354,0.005846,2.0,0.0,2.0,0,0
1622,1623,2,1.340346,9.344488,0.005822,1.0,0.0,1.0,1,0
1623,1624,2,1.3510550000000001,9.490289,0.005821,1.0,0.0,1.0,1,0
1624,1625,2,0.053293,9.423142,0.005911,0.0,0.0,0,2,0
1625,1626,2,1.338662,9.352353,0.005902,1.0,0.0,0,0,2
1626,1627,2,1.337874,9.362011,0.005892,2.0,0.0,2.0,0,0
1627,1628,2,1.321047,9.318433,0.007523,2.0,0.0,2.0,0,0
1628,1629,2,1.329059,9.294051,0.005885,2.0,0.0,1.0,1,0
1629,1630,2,1.388723,9.293473,0.005855,2.0,0.0,2.0,0,0
1630,1631,2,1.322244,9.326415,0.005835,2.0,0.0,2.0,0,0
1631,1632,2,1.312127,9.29972,0.005851,2.0,0.0,2.0,0,0
1632,1633,2,1.3178239999999999,9.427866999999999,0.00585,1.0,0.0,1.0,1,0
1633,1634,2,0.053315,9.323928,0.005855,0.0,0.0,1.0,1,0
1634,1635,2,0.053443,9.286789,0.005905,0.0,0.0,1.0,1,0
1635,1636,2,1.295448,9.362663,0.005851,2.0,0.0,2.0,0,0
1636,1637,2,1.299721,9.283999,0.005921,2.0,0.0,2.0,0,0
1637,1638,2,1.323893,9.313612,0.005839,1.0,0.0,1.0,1,0
1638,1639,2,1.298668,9.312543,0.005974,2.0,0.0,2.0,0,0
1639,1640,2,1.3097050000000001,9.296064,0.005863,1.0,0.0,1.0,0,1
1640,1641,2,1.299806,9.316299,0.005868,2.0,0.0,1.0,0,1
1641,1642,2,1.322715,9.301027,0.005857,1.0,0.0,1.0,1,0
1642,1643,2,1.311271,9.301582,0.005823,2.0,0.0,2.0,0,0
1643,1644,2,1.325314,9.3713,0.007152,2.0,0.0,2.0,0,0
1644,1645,2,1.354502,9.396031,0.005874,1.0,0.0,0,2,0
1645,1646,2,0.052935,9.318935,0.005854,0.0,0.0,0,1,1
1646,1647,2,1.355823,9.314107,0.00586,1.0,0.0,1.0,1,0
1647,1648,2,1.305193,9.315668,0.005898,2.0,0.0,2.0,0,0
1648,1649,2,1.315108,9.3453,0.00583,1.0,0.0,1.0,1,0
1649,1650,2,1.340986,9.306097,0.0059,1.0,0.0,1.0,1,0
1650,1651,2,1.355762,9.339323,0.005876,2.0,0.0,2.0,0,0
1651,1652,2,1.3333,9.406731,0.005893,1.0,0.0,1.0,1,0
1652,1653,2,1.319175,9.329804,0.005872,1.0,0.0,1.0,0,1
1653,1654,2,1.307667,9.302417,0.005826,2.0,0.0,2.0,0,0
1654,1655,2,0.053452,9.360024,0.005884,0.0,0.0,0,1,1
1655,1656,2,1.363648,9.391808,0.005956,1.0,0.0,1.0,0,1
1656,1657,2,1.331991,9.371327,0.005961,2.0,0.0,1.0,0,1
1657,1658,2,0.053673,9.342511,0.005935,0.0,0.0,0,2,0
1658,1659,2,1.3409900000000001,9.373559,0.007105,1.0,0.0,1.0,1,0
1659,1660,2,1.342606,9.356468,0.005841,1.0,0.0,1.0,1,0
1660,1661,2,1.304586,9.311449,0.00584,2.0,0.0,1.0,0,1
1661,1662,2,1.356834,9.511855,0.005909,1.0,0.0,1.0,1,0
1662,1663,2,1.358374,9.396471,0.005848,1.0,0.0,1.0,1,0
1663,1664,2,1.346362,9.376851,0.005855,1.0,0.0,1.0,1,0
1664,1665,2,1.351332,9.355471,0.005887,1.0,0.0,1.0,1,0
1665,1666,2,1.312097,9.414036,0.010706,2.0,0.0,1.0,1,0
1666,1667,2,0.065472,9.336925,0.007171,0.0,0.0,0,2,0
1667,1668,2,1.347255,9.466699,0.005832,2.0,0.0,1.0,0,1
1668,1669,2,1.367761,9.399778,0.005917,1.0,0.0,0,1,1
1669,1670,2,1.327703,9.358523,0.005842,1.0,0.0,2.0,0,0
1670,1671,2,1.373818,9.31673,0.005849,1.0,0.0,1.0,1,0
1671,1672,2,1.3352870000000001,9.379307,0.005943,1.0,0.0,1.0,1,0
1672,1673,2,1.346142,9.359194,0.005894,2.0,0.0,2.0,0,0
1673,1674,2,1.357844,9.372847,0.005862,1.0,0.0,1.0,0,1
1674,1675,2,0.060082,9.451195,0.005992,0.0,0.0,0,1,1
1675,1676,2,1.344909,9.459109,0.00592,2.0,0.0,2.0,0,0
1676,1677,2,1.355369,9.31684,0.005904,1.0,0.0,1.0,0,1
1677,1678,2,1.322281,9.660831,0.006003,2.0,0.0,2.0,0,0
1678,1679,2,1.531717,9.459571,0.005908,1.0,0.0,1.0,1,0
1679,1680,2,1.5149599999999999,9.469617,0.005837,1.0,0.0,1.0,1,0
1680,1681,2,1.528627,9.564821,0.007159,1.0,0.0,0,2,0
1681,1682,2,1.355527,9.574685,0.005929,1.0,0.0,1.0,1,0
1682,1683,2,1.57002,9.68739,0.005854,2.0,0.0,2.0,0,0
1683,1684,2,1.33684,9.522086999999999,0.005972,2.0,0.0,1.0,1,0
1684,1685,2,1.334339,9.711112,0.009793,2.0,0.0,1.0,1,0
1685,1686,2,1.472594,9.591288,0.005952,1.0,0.0,1.0,0,1
1686,1687,2,1.349359,9.369925,0.00711,1.0,0.0,1.0,0,1
1687,1688,2,1.356736,9.395838,0.005979,1.0,0.0,1.0,1,0
1688,1689,2,1.3436409999999999,9.395889,0.005957,2.0,0.0,2.0,0,0
1689,1690,2,1.316136,9.492379,0.005907,2.0,0.0,1.0,1,0
1690,1691,2,1.3419189999999999,9.477476,0.005876,2.0,0.0,2.0,0,0
1691,1692,2,1.395057,9.415585,0.005886,2.0,0.0,1.0,0,1
1692,1693,2,1.332257,9.527728,0.007254,2.0,0.0,1.0,1,0
1693,1694,2,1.5954139999999999,10.124204,0.007287,1.0,0.0,1.0,0,1
1694,1695,2,0.066029,9.972453,0.00753,0.0,0.0,0,2,0
1695,1696,2,1.726683,9.947201,0.00726,1.0,0.0,1.0,1,0
1696,1697,2,1.665171,9.907695,0.007262,2.0,0.0,1.0,1,0
1697,1698,2,1.684609,9.865521,0.007324,2.0,0.0,2.0,0,0
1698,1699,2,1.549417,9.687991,0.005954,2.0,0.0,1.0,0,1
1699,1700,2,1.399873,9.864688,0.007471,2.0,0.0,2.0,0,0
1700,1701,2,1.540215,9.888307,0.007265,1.0,0.0,1.0,1,0
1701,1702,2,1.674542,9.855287,0.007279,1.0,0.0,1.0,0,1
1702,1703,2,1.67294,9.854454,0.007167,1.0,0.0,0,0,2
1703,1704,2,0.053535,9.386658,0.00586,0.0,0.0,0,0,2
1704,1705,2,1.30634,9.370091,0.005847,1.0,0.0,1.0,0,1
1705,1706,2,0.053596,9.415597,0.007152,0.0,0.0,0,2,0
1706,1707,2,1.341548,9.457266,0.005857,2.0,0.0,2.0,0,0
1707,1708,2,1.430707,9.329948,0.005826,2.0,0.0,1.0,1,0
1708,1709,2,1.291561,9.385039,0.005872,2.0,0.0,2.0,0,0
1709,1710,2,1.365432,9.439404,0.005865,1.0,0.0,1.0,0,1
1710,1711,2,1.378323,9.646209,0.005888,1.0,0.0,1.0,0,1
1711,1712,2,1.390873,9.504596,0.005945,1.0,0.0,2.0,0,0
1712,1713,2,1.468807,9.998761,0.007349,2.0,0.0,1.0,1,0
1713,1714,2,1.443618,10.022987,0.007503,2.0,0.0,1.0,0,1
1714,1715,2,1.595056,9.942079,0.007283,1.0,0.0,0,2,0
1715,1716,2,1.427877,9.976098,0.007297,2.0,0.0,2.0,0,0
1716,1717,2,1.4440870000000001,9.99297,0.007405,1.0,0.0,1.0,0,1
1717,1718,2,1.428799,9.990972,0.007335,2.0,0.0,1.0,0,1
1718,1719,2,1.431607,9.996499,0.007299,2.0,0.0,1.0,0,1
1719,1720,2,1.433538,9.663132000000001,0.005932,2.0,0.0,1.0,0,1
1720,1721,2,1.3360319999999999,9.299767,0.00585,1.0,0.0,1.0,1,0
1721,1722,2,1.283962,9.28766,0.005865,2.0,0.0,2.0,0,0
1722,1723,2,1.2838370000000001,9.292109,0.005862,2.0,0.0,2.0,0,0
1723,1724,2,1.301056,9.313831,0.005852,1.0,0.0,1.0,0,1
1724,1725,2,1.294743,13.063715,0.013517,2.0,0.0,2.0,0,0
1725,1726,2,1.873963,18.389562,0.00811,2.0,0.0,2.0,0,0
1726,1727,2,1.637024,13.285154,0.010832,1.0,0.0,1.0,1,0
1727,1728,2,1.856811,10.771942,0.005847,2.0,0.0,2.0,0,0
1728,1729,2,1.286303,9.396046,0.005843,2.0,0.0,2.0,0,0
1729,1730,2,1.487771,9.576423,0.006306,2.0,0.0,2.0,0,0
1730,1731,2,0.06401,11.851068,0.00588,0.0,0.0,0,2,0
1731,1732,2,1.334486,9.357687,0.005937,2.0,0.0,1.0,1,0
1732,1733,2,1.330565,9.328803,0.005934,1.0,0.0,1.0,0,1
1733,1734,2,1.3241,10.822039,0.011614,1.0,0.0,1.0,1,0
1734,1735,2,1.5882230000000002,9.959199,0.005935,2.0,0.0,2.0,0,0
1735,1736,2,1.31846,9.368078,0.005959,2.0,0.0,1.0,0,1
1736,1737,2,1.314106,9.336301,0.005956,2.0,0.0,2.0,0,0
1737,1738,2,1.344012,9.745027,0.007294,1.0,0.0,2.0,0,0
1738,1739,2,1.6659359999999999,9.780623,0.007267,2.0,0.0,2.0,0,0
1739,1740,2,1.670933,9.945633,0.0073,2.0,0.0,1.0,1,0
1740,1741,2,1.531107,9.779064,0.007374,2.0,0.0,2.0,0,0
1741,1742,2,1.65825,9.719959,0.005878,2.0,0.0,2.0,0,0
1742,1743,2,1.322515,9.372402,0.005931,2.0,0.0,2.0,0,0
1743,1744,2,1.355364,11.305685,0.006038,2.0,0.0,1.0,1,0
1744,1745,2,1.545235,9.364781,0.005879,2.0,0.0,2.0,0,0
1745,1746,2,1.322115,9.319701,0.00587,2.0,0.0,2.0,0,0
1746,1747,2,1.330931,9.310403,0.005833,1.0,0.0,0,1,1
1747,1748,2,1.502912,11.61882,0.005935,2.0,0.0,2.0,0,0
1748,1749,2,1.316098,9.332343,0.005887,2.0,0.0,2.0,0,0
1749,1750,2,0.054491,9.292569,0.005899,0.0,0.0,0,1,1
1750,1751,2,1.288611,9.294078,0.005884,2.0,0.0,2.0,0,0
1751,1752,2,1.293642,9.289212,0.005904,2.0,0.0,1.0,1,0
1752,1753,2,1.290546,9.332096,0.006006,2.0,0.0,1.0,0,1
1753,1754,2,1.3021530000000001,9.453659,0.006081,2.0,0.0,1.0,0,1
1754,1755,2,1.392442,9.520026,0.005964,1.0,0.0,2.0,0,0
1755,1756,2,1.378184,9.514391,0.005948,2.0,0.0,2.0,0,0
1756,1757,2,1.391495,9.510448,0.005921,1.0,0.0,1.0,0,1
1757,1758,2,1.499295,9.801666,0.00719,2.0,0.0,1.0,0,1
1758,1759,2,1.50423,9.942074999999999,0.007353,1.0,0.0,1.0,1,0
1759,1760,2,1.460904,9.496627,0.005902,1.0,0.0,1.0,0,1
1760,1761,2,1.375077,9.868862,0.007297,2.0,0.0,2.0,0,0
